Sec,Temp,goal_temp,initial_temp,error,integral_error,u,PWM,Kp,Ki
0.0,28.19,32.13,28.12,0.26,0.13,1.37,255.0,5.25,0.04
0.5,28.19,30.12,28.12,0.13,0.19,0.68,172.0,5.25,0.04
1.0,28.19,30.12,28.12,0.13,0.26,0.68,173.0,5.25,0.04
1.5,28.19,30.12,28.12,0.13,0.32,0.68,174.0,5.25,0.04
2.0,28.19,30.12,28.12,0.13,0.38,0.69,174.0,5.25,0.04
2.5,28.19,30.12,28.12,0.13,0.45,0.69,175.0,5.25,0.04
3.0,28.19,30.12,28.12,0.13,0.51,0.69,176.0,5.25,0.04
3.5,28.19,30.12,28.12,0.13,0.58,0.69,176.0,5.25,0.04
4.0,28.25,30.12,28.12,0.12,0.64,0.67,172.0,5.25,0.04
4.5,28.25,30.12,28.12,0.12,0.7,0.68,172.0,5.25,0.04
5.0,28.31,30.12,28.12,0.12,0.76,0.66,167.0,5.25,0.04
5.5,28.25,30.12,28.12,0.12,0.82,0.68,174.0,5.25,0.04
6.0,28.31,30.12,28.12,0.12,0.88,0.66,169.0,5.25,0.04
6.5,28.37,30.12,28.12,0.12,0.94,0.64,164.0,5.25,0.04
7.0,28.31,30.12,28.12,0.12,1.0,0.67,170.0,5.25,0.04
7.5,28.37,30.12,28.12,0.12,1.05,0.65,165.0,5.25,0.04
8.0,28.37,30.12,28.12,0.12,1.11,0.65,166.0,5.25,0.04
8.5,28.44,30.12,28.12,0.11,1.17,0.63,161.0,5.25,0.04
9.0,28.5,30.12,28.12,0.11,1.22,0.61,156.0,5.25,0.04
9.5,28.44,30.12,28.12,0.11,1.28,0.64,162.0,5.25,0.04
10.0,28.5,30.12,28.12,0.11,1.33,0.62,157.0,5.25,0.04
10.5,28.56,30.12,28.12,0.1,1.38,0.6,152.0,5.25,0.04
11.0,28.56,30.12,28.12,0.1,1.43,0.6,153.0,5.25,0.04
11.5,28.62,30.12,28.12,0.1,1.48,0.58,148.0,5.25,0.04
12.0,28.62,30.12,28.12,0.1,1.53,0.58,148.0,5.25,0.04
12.5,28.69,30.12,28.12,0.09,1.58,0.56,143.0,5.25,0.04
13.0,28.69,30.12,28.12,0.09,1.63,0.57,144.0,5.25,0.04
13.5,28.75,30.12,28.12,0.09,1.67,0.55,139.0,5.25,0.04
14.0,28.75,30.12,28.12,0.09,1.72,0.55,139.0,5.25,0.04
14.5,28.81,30.12,28.12,0.09,1.76,0.53,134.0,5.25,0.04
15.0,28.87,30.12,28.12,0.08,1.8,0.51,129.0,5.25,0.04
15.5,28.87,30.12,28.12,0.08,1.84,0.51,129.0,5.25,0.04
16.0,28.94,30.12,28.12,0.08,1.88,0.49,124.0,5.25,0.04
16.5,28.94,30.12,28.12,0.08,1.92,0.49,125.0,5.25,0.04
17.0,29.0,30.12,28.12,0.07,1.96,0.47,120.0,5.25,0.04
17.5,29.0,30.12,28.12,0.07,1.99,0.47,120.0,5.25,0.04
18.0,29.0,30.12,28.12,0.07,2.03,0.47,120.0,5.25,0.04
18.5,29.06,30.12,28.12,0.07,2.07,0.45,115.0,5.25,0.04
19.0,29.12,30.12,28.12,0.07,2.1,0.43,110.0,5.25,0.04
19.5,29.12,30.12,28.12,0.07,2.13,0.44,110.0,5.25,0.04
20.0,29.19,30.12,28.12,0.06,2.16,0.41,105.0,5.25,0.04
20.5,29.19,30.12,28.12,0.06,2.19,0.42,106.0,5.25,0.04
21.0,29.19,30.12,28.12,0.06,2.22,0.42,106.0,5.25,0.04
21.5,29.25,30.12,28.12,0.06,2.25,0.4,101.0,5.25,0.04
22.0,29.25,30.12,28.12,0.06,2.28,0.4,101.0,5.25,0.04
22.5,29.31,30.12,28.12,0.05,2.31,0.38,96.0,5.25,0.04
23.0,29.31,30.12,28.12,0.05,2.34,0.38,96.0,5.25,0.04
23.5,29.31,30.12,28.12,0.05,2.36,0.38,96.0,5.25,0.04
24.0,29.37,30.12,28.12,0.05,2.39,0.36,91.0,5.25,0.04
24.5,29.37,30.12,28.12,0.05,2.41,0.36,91.0,5.25,0.04
25.0,29.44,30.12,28.12,0.05,2.43,0.34,86.0,5.25,0.04
25.5,29.44,30.12,28.12,0.05,2.46,0.34,86.0,5.25,0.04
26.0,29.5,30.12,28.12,0.04,2.48,0.32,81.0,5.25,0.04
26.5,29.5,30.12,28.12,0.04,2.5,0.32,81.0,5.25,0.04
27.0,29.56,30.12,28.12,0.04,2.52,0.3,76.0,5.25,0.04
27.5,29.56,30.12,28.12,0.04,2.53,0.3,76.0,5.25,0.04
28.0,29.56,30.12,28.12,0.04,2.55,0.3,76.0,5.25,0.04
28.5,29.62,30.12,28.12,0.03,2.57,0.28,71.0,5.25,0.04
29.0,29.69,30.12,28.12,0.03,2.58,0.26,66.0,5.25,0.04
29.5,29.69,30.12,28.12,0.03,2.6,0.26,66.0,5.25,0.04
30.0,29.69,30.12,28.12,0.03,2.61,0.26,66.0,5.25,0.04
30.5,29.69,30.12,28.12,0.03,2.63,0.26,66.0,5.25,0.04
31.0,29.75,30.12,28.12,0.02,2.64,0.24,61.0,5.25,0.04
31.5,29.75,30.12,28.12,0.02,2.65,0.24,61.0,5.25,0.04
32.0,29.75,30.12,28.12,0.02,2.66,0.24,61.0,5.25,0.04
32.5,29.81,30.12,28.12,0.02,2.67,0.22,56.0,5.25,0.04
33.0,29.81,30.12,28.12,0.02,2.69,0.22,56.0,5.25,0.04
33.5,29.81,30.12,28.12,0.02,2.7,0.22,56.0,5.25,0.04
34.0,29.81,30.12,28.12,0.02,2.71,0.22,56.0,5.25,0.04
34.5,29.87,30.12,28.12,0.02,2.71,0.2,51.0,5.25,0.04
35.0,29.87,30.12,28.12,0.02,2.72,0.2,51.0,5.25,0.04
35.5,29.87,30.12,28.12,0.02,2.73,0.2,51.0,5.25,0.04
36.0,29.87,30.12,28.12,0.02,2.74,0.2,51.0,5.25,0.04
36.5,29.87,30.12,28.12,0.02,2.75,0.2,51.0,5.25,0.04
37.0,29.94,30.12,28.12,0.01,2.75,0.18,46.0,5.25,0.04
37.5,29.94,30.12,28.12,0.01,2.76,0.18,46.0,5.25,0.04
38.0,29.94,30.12,28.12,0.01,2.77,0.18,46.0,5.25,0.04
38.5,29.94,30.12,28.12,0.01,2.77,0.18,46.0,5.25,0.04
39.0,30.0,30.12,28.12,0.01,2.78,0.16,40.0,5.25,0.04
39.5,30.0,30.12,28.12,0.01,2.78,0.16,40.0,5.25,0.04
40.0,30.0,30.12,28.12,0.01,2.78,0.16,40.0,5.25,0.04
40.5,30.0,30.12,28.12,0.01,2.79,0.16,40.0,5.25,0.04
41.0,30.0,30.12,28.12,0.01,2.79,0.16,40.0,5.25,0.04
41.5,30.0,30.12,28.12,0.01,2.8,0.16,40.0,5.25,0.04
42.0,30.06,30.12,28.12,0.0,2.8,0.14,35.0,5.25,0.04
42.5,30.0,30.12,28.12,0.01,2.8,0.16,41.0,5.25,0.04
43.0,30.06,30.12,28.12,0.0,2.8,0.14,35.0,5.25,0.04
43.5,30.06,30.12,28.12,0.0,2.81,0.14,35.0,5.25,0.04
44.0,30.06,30.12,28.12,0.0,2.81,0.14,35.0,5.25,0.04
44.5,30.06,30.12,28.12,0.0,2.81,0.14,35.0,5.25,0.04
45.0,30.06,30.12,28.12,0.0,2.81,0.14,35.0,5.25,0.04
45.5,30.06,30.12,28.12,0.0,2.81,0.14,35.0,5.25,0.04
46.0,30.06,30.12,28.12,0.0,2.82,0.14,35.0,5.25,0.04
46.5,30.06,30.12,28.12,0.0,2.82,0.14,35.0,5.25,0.04
47.0,30.06,30.12,28.12,0.0,2.82,0.14,35.0,5.25,0.04
47.5,30.06,30.12,28.12,0.0,2.82,0.14,35.0,5.25,0.04
48.0,30.06,30.12,28.12,0.0,2.82,0.14,35.0,5.25,0.04
48.5,30.06,30.12,28.12,0.0,2.83,0.14,35.0,5.25,0.04
49.0,30.12,30.12,28.12,0.0,2.83,0.12,30.0,5.25,0.04
49.5,30.12,30.12,28.12,0.0,2.83,0.12,30.0,5.25,0.04
50.0,30.12,30.12,28.12,0.0,2.83,0.12,30.0,5.25,0.04
50.5,30.12,30.12,28.12,0.0,2.83,0.12,30.0,5.25,0.04
51.0,30.12,30.12,28.12,0.0,2.83,0.12,30.0,5.25,0.04
51.5,30.12,30.12,28.12,0.0,2.83,0.12,30.0,5.25,0.04
52.0,30.12,30.12,28.12,0.0,2.83,0.12,30.0,5.25,0.04
52.5,30.12,30.12,28.12,0.0,2.83,0.12,30.0,5.25,0.04
53.0,30.12,30.12,28.12,0.0,2.83,0.12,30.0,5.25,0.04
53.5,30.12,30.12,28.12,0.0,2.83,0.12,30.0,5.25,0.04
54.0,30.12,30.12,28.12,0.0,2.83,0.12,30.0,5.25,0.04
54.5,30.06,30.12,28.12,0.0,2.83,0.14,35.0,5.25,0.04
55.0,30.12,30.12,28.12,0.0,2.83,0.12,30.0,5.25,0.04
55.5,30.12,30.12,28.12,0.0,2.83,0.12,30.0,5.25,0.04
56.0,30.06,30.12,28.12,0.0,2.83,0.14,35.0,5.25,0.04
56.5,30.12,30.12,28.12,0.0,2.83,0.12,30.0,5.25,0.04
57.0,30.12,30.12,28.12,0.0,2.83,0.12,30.0,5.25,0.04
57.5,30.12,30.12,28.12,0.0,2.83,0.12,30.0,5.25,0.04
58.0,30.12,30.12,28.12,0.0,2.83,0.12,30.0,5.25,0.04
58.5,30.12,30.12,28.12,0.0,2.83,0.12,30.0,5.25,0.04
59.0,30.12,30.12,28.12,0.0,2.83,0.12,30.0,5.25,0.04
59.5,30.12,30.12,28.12,0.0,2.83,0.12,30.0,5.25,0.04
60.0,30.12,30.12,28.12,0.0,2.83,0.12,30.0,5.25,0.04
60.5,30.12,30.12,28.12,0.0,2.83,0.12,30.0,5.25,0.04
61.0,30.12,30.12,28.12,0.0,2.83,0.12,30.0,5.25,0.04
61.5,30.12,30.12,28.12,0.0,2.83,0.12,30.0,5.25,0.04
62.0,30.12,30.12,28.12,0.0,2.83,0.12,30.0,5.25,0.04
62.5,30.12,30.12,28.12,0.0,2.83,0.12,30.0,5.25,0.04
63.0,30.12,30.12,28.12,0.0,2.83,0.12,30.0,5.25,0.04
63.5,30.12,30.12,28.12,0.0,2.83,0.12,30.0,5.25,0.04
64.0,30.06,30.12,28.12,0.0,2.83,0.14,35.0,5.25,0.04
64.5,30.12,30.12,28.12,0.0,2.83,0.12,30.0,5.25,0.04
65.0,30.12,30.12,28.12,0.0,2.83,0.12,30.0,5.25,0.04
65.5,30.12,30.12,28.12,0.0,2.83,0.12,30.0,5.25,0.04
66.0,30.06,30.12,28.12,0.0,2.84,0.14,35.0,5.25,0.04
66.5,30.12,30.12,28.12,0.0,2.84,0.12,30.0,5.25,0.04
67.0,30.12,30.12,28.12,0.0,2.84,0.12,30.0,5.25,0.04
67.5,30.12,30.12,28.12,0.0,2.84,0.12,30.0,5.25,0.04
68.0,30.06,30.12,28.12,0.0,2.84,0.14,35.0,5.25,0.04
68.5,30.06,30.12,28.12,0.0,2.84,0.14,35.0,5.25,0.04
69.0,30.06,30.12,28.12,0.0,2.84,0.14,35.0,5.25,0.04
69.5,30.06,30.12,28.12,0.0,2.84,0.14,35.0,5.25,0.04
70.0,30.06,30.12,28.12,0.0,2.85,0.14,35.0,5.25,0.04
70.5,30.06,30.12,28.12,0.0,2.85,0.14,36.0,5.25,0.04
71.0,30.06,30.12,28.12,0.0,2.85,0.14,36.0,5.25,0.04
71.5,30.06,30.12,28.12,0.0,2.85,0.14,36.0,5.25,0.04
72.0,30.06,30.12,28.12,0.0,2.85,0.14,36.0,5.25,0.04
72.5,30.06,30.12,28.12,0.0,2.86,0.14,36.0,5.25,0.04
73.0,30.06,30.12,28.12,0.0,2.86,0.14,36.0,5.25,0.04
73.5,30.06,30.12,28.12,0.0,2.86,0.14,36.0,5.25,0.04
74.0,30.12,30.12,28.12,0.0,2.86,0.12,30.0,5.25,0.04
74.5,30.06,30.12,28.12,0.0,2.86,0.14,36.0,5.25,0.04
75.0,30.06,30.12,28.12,0.0,2.86,0.14,36.0,5.25,0.04
75.5,30.06,30.12,28.12,0.0,2.87,0.14,36.0,5.25,0.04
76.0,30.06,30.12,28.12,0.0,2.87,0.14,36.0,5.25,0.04
76.5,30.06,30.12,28.12,0.0,2.87,0.14,36.0,5.25,0.04
77.0,30.0,30.12,28.12,0.01,2.87,0.16,41.0,5.25,0.04
77.5,30.06,30.12,28.12,0.0,2.88,0.14,36.0,5.25,0.04
78.0,30.06,30.12,28.12,0.0,2.88,0.14,36.0,5.25,0.04
78.5,30.06,30.12,28.12,0.0,2.88,0.14,36.0,5.25,0.04
79.0,30.06,30.12,28.12,0.0,2.88,0.14,36.0,5.25,0.04
79.5,30.0,30.12,28.12,0.01,2.89,0.16,41.0,5.25,0.04
80.0,30.06,30.12,28.12,0.0,2.89,0.14,36.0,5.25,0.04
80.5,30.0,30.12,28.12,0.01,2.89,0.16,41.0,5.25,0.04
81.0,30.0,30.12,28.12,0.01,2.9,0.16,42.0,5.25,0.04
81.5,30.06,30.12,28.12,0.0,2.9,0.14,36.0,5.25,0.04
82.0,30.06,30.12,28.12,0.0,2.9,0.14,36.0,5.25,0.04
82.5,30.06,30.12,28.12,0.0,2.9,0.14,36.0,5.25,0.04
83.0,30.0,30.12,28.12,0.01,2.91,0.17,42.0,5.25,0.04
83.5,30.0,30.12,28.12,0.01,2.91,0.17,42.0,5.25,0.04
84.0,30.0,30.12,28.12,0.01,2.92,0.17,42.0,5.25,0.04
84.5,30.0,30.12,28.12,0.01,2.92,0.17,42.0,5.25,0.04
85.0,30.0,30.12,28.12,0.01,2.92,0.17,42.0,5.25,0.04
85.5,30.0,30.12,28.12,0.01,2.93,0.17,42.0,5.25,0.04
86.0,30.0,30.12,28.12,0.01,2.93,0.17,42.0,5.25,0.04
86.5,30.0,30.12,28.12,0.01,2.94,0.17,42.0,5.25,0.04
87.0,30.0,30.12,28.12,0.01,2.94,0.17,42.0,5.25,0.04
87.5,30.0,30.12,28.12,0.01,2.94,0.17,42.0,5.25,0.04
88.0,30.0,30.12,28.12,0.01,2.95,0.17,42.0,5.25,0.04
88.5,30.0,30.12,28.12,0.01,2.95,0.17,42.0,5.25,0.04
89.0,30.0,30.12,28.12,0.01,2.96,0.17,42.0,5.25,0.04
89.5,30.0,30.12,28.12,0.01,2.96,0.17,42.0,5.25,0.04
90.0,30.0,30.12,28.12,0.01,2.96,0.17,42.0,5.25,0.04
90.5,30.0,30.12,28.12,0.01,2.97,0.17,42.0,5.25,0.04
91.0,30.0,30.12,28.12,0.01,2.97,0.17,42.0,5.25,0.04
91.5,30.0,30.12,28.12,0.01,2.98,0.17,42.0,5.25,0.04
92.0,30.0,30.12,28.12,0.01,2.98,0.17,42.0,5.25,0.04
92.5,30.0,30.12,28.12,0.01,2.99,0.17,42.0,5.25,0.04
93.0,30.0,30.12,28.12,0.01,2.99,0.17,43.0,5.25,0.04
93.5,30.0,30.12,28.12,0.01,2.99,0.17,43.0,5.25,0.04
94.0,30.06,30.12,28.12,0.0,3.0,0.15,37.0,5.25,0.04
94.5,30.06,30.12,28.12,0.0,3.0,0.15,37.0,5.25,0.04
95.0,30.06,30.12,28.12,0.0,3.0,0.15,37.0,5.25,0.04
95.5,30.0,30.12,28.12,0.01,3.0,0.17,43.0,5.25,0.04
96.0,30.06,30.12,28.12,0.0,3.01,0.15,37.0,5.25,0.04
96.5,30.06,30.12,28.12,0.0,3.01,0.15,37.0,5.25,0.04
97.0,30.0,30.12,28.12,0.01,3.01,0.17,43.0,5.25,0.04
97.5,30.06,30.12,28.12,0.0,3.01,0.15,37.0,5.25,0.04
98.0,30.06,30.12,28.12,0.0,3.02,0.15,37.0,5.25,0.04
98.5,30.12,30.12,28.12,0.0,3.02,0.13,32.0,5.25,0.04
99.0,30.06,30.12,28.12,0.0,3.02,0.15,37.0,5.25,0.04
99.5,30.0,30.12,28.12,0.01,3.02,0.17,43.0,5.25,0.04
100.0,30.0,32.13,28.12,0.14,3.09,0.86,220.0,5.25,0.04
100.5,30.06,32.13,28.12,0.14,3.16,0.85,215.0,5.25,0.04
101.0,30.06,32.13,28.12,0.14,3.23,0.85,216.0,5.25,0.04
101.5,30.06,32.13,28.12,0.14,3.3,0.85,217.0,5.25,0.04
102.0,30.06,32.13,28.12,0.14,3.36,0.85,217.0,5.25,0.04
102.5,30.06,32.13,28.12,0.14,3.43,0.86,218.0,5.25,0.04
103.0,30.06,32.13,28.12,0.14,3.5,0.86,219.0,5.25,0.04
103.5,30.06,32.13,28.12,0.14,3.57,0.86,220.0,5.25,0.04
104.0,30.06,32.13,28.12,0.14,3.63,0.87,220.0,5.25,0.04
104.5,30.06,32.13,28.12,0.14,3.7,0.87,221.0,5.25,0.04
105.0,30.12,32.13,28.12,0.13,3.77,0.85,216.0,5.25,0.04
105.5,30.12,32.13,28.12,0.13,3.83,0.85,217.0,5.25,0.04
106.0,30.12,32.13,28.12,0.13,3.9,0.86,218.0,5.25,0.04
106.5,30.19,32.13,28.12,0.13,3.96,0.84,213.0,5.25,0.04
107.0,30.19,32.13,28.12,0.13,4.03,0.84,213.0,5.25,0.04
107.5,30.19,32.13,28.12,0.13,4.09,0.84,214.0,5.25,0.04
108.0,30.25,32.13,28.12,0.12,4.15,0.82,209.0,5.25,0.04
108.5,30.31,32.13,28.12,0.12,4.21,0.8,204.0,5.25,0.04
109.0,30.37,32.13,28.12,0.12,4.27,0.78,199.0,5.25,0.04
109.5,30.37,32.13,28.12,0.12,4.33,0.79,200.0,5.25,0.04
110.0,30.44,32.13,28.12,0.11,4.38,0.77,195.0,5.25,0.04
110.5,30.44,32.13,28.12,0.11,4.44,0.77,196.0,5.25,0.04
111.0,30.44,32.13,28.12,0.11,4.49,0.77,196.0,5.25,0.04
111.5,30.5,32.13,28.12,0.11,4.55,0.75,191.0,5.25,0.04
112.0,30.56,32.13,28.12,0.1,4.6,0.73,186.0,5.25,0.04
112.5,30.56,32.13,28.12,0.1,4.65,0.74,187.0,5.25,0.04
113.0,30.56,32.13,28.12,0.1,4.7,0.74,188.0,5.25,0.04
113.5,30.62,32.13,28.12,0.1,4.75,0.72,183.0,5.25,0.04
114.0,30.69,32.13,28.12,0.09,4.8,0.7,178.0,5.25,0.04
114.5,30.75,32.13,28.12,0.09,4.84,0.68,173.0,5.25,0.04
115.0,30.75,32.13,28.12,0.09,4.89,0.68,173.0,5.25,0.04
115.5,30.81,32.13,28.12,0.09,4.93,0.66,168.0,5.25,0.04
116.0,30.81,32.13,28.12,0.09,4.98,0.66,168.0,5.25,0.04
116.5,30.87,32.13,28.12,0.08,5.02,0.64,163.0,5.25,0.04
117.0,30.87,32.13,28.12,0.08,5.06,0.64,164.0,5.25,0.04
117.5,30.94,32.13,28.12,0.08,5.1,0.62,159.0,5.25,0.04
118.0,30.94,32.13,28.12,0.08,5.14,0.63,159.0,5.25,0.04
118.5,31.0,32.13,28.12,0.07,5.17,0.61,154.0,5.25,0.04
119.0,31.0,32.13,28.12,0.07,5.21,0.61,154.0,5.25,0.04
119.5,31.0,32.13,28.12,0.07,5.25,0.61,155.0,5.25,0.04
120.0,31.06,32.13,28.12,0.07,5.28,0.59,150.0,5.25,0.04
120.5,31.12,32.13,28.12,0.07,5.31,0.57,145.0,5.25,0.04
121.0,31.12,32.13,28.12,0.07,5.35,0.57,145.0,5.25,0.04
121.5,31.12,32.13,28.12,0.07,5.38,0.57,145.0,5.25,0.04
122.0,31.19,32.13,28.12,0.06,5.41,0.55,140.0,5.25,0.04
122.5,31.25,32.13,28.12,0.06,5.44,0.53,135.0,5.25,0.04
123.0,31.25,32.13,28.12,0.06,5.47,0.53,135.0,5.25,0.04
123.5,31.25,32.13,28.12,0.06,5.5,0.53,136.0,5.25,0.04
124.0,31.37,32.13,28.12,0.05,5.52,0.49,125.0,5.25,0.04
124.5,31.31,32.13,28.12,0.05,5.55,0.51,131.0,5.25,0.04
125.0,31.37,32.13,28.12,0.05,5.57,0.49,125.0,5.25,0.04
125.5,31.37,32.13,28.12,0.05,5.6,0.49,126.0,5.25,0.04
126.0,31.44,32.13,28.12,0.05,5.62,0.47,120.0,5.25,0.04
126.5,31.44,32.13,28.12,0.05,5.64,0.47,121.0,5.25,0.04
127.0,31.5,32.13,28.12,0.04,5.66,0.45,115.0,5.25,0.04
127.5,31.56,32.13,28.12,0.04,5.68,0.43,110.0,5.25,0.04
128.0,31.5,32.13,28.12,0.04,5.7,0.46,116.0,5.25,0.04
128.5,31.56,32.13,28.12,0.04,5.72,0.43,110.0,5.25,0.04
129.0,31.62,32.13,28.12,0.03,5.74,0.41,105.0,5.25,0.04
129.5,31.69,32.13,28.12,0.03,5.75,0.39,100.0,5.25,0.04
130.0,31.62,32.13,28.12,0.03,5.77,0.42,105.0,5.25,0.04
130.5,31.69,32.13,28.12,0.03,5.78,0.39,100.0,5.25,0.04
131.0,31.69,32.13,28.12,0.03,5.8,0.39,100.0,5.25,0.04
131.5,31.75,32.13,28.12,0.02,5.81,0.37,95.0,5.25,0.04
132.0,31.75,32.13,28.12,0.02,5.82,0.37,95.0,5.25,0.04
132.5,31.75,32.13,28.12,0.02,5.83,0.37,95.0,5.25,0.04
133.0,31.81,32.13,28.12,0.02,5.84,0.35,90.0,5.25,0.04
133.5,31.81,32.13,28.12,0.02,5.86,0.35,90.0,5.25,0.04
134.0,31.81,32.13,28.12,0.02,5.87,0.35,90.0,5.25,0.04
134.5,31.81,32.13,28.12,0.02,5.88,0.35,90.0,5.25,0.04
135.0,31.87,32.13,28.12,0.02,5.88,0.33,85.0,5.25,0.04
135.5,31.87,32.13,28.12,0.02,5.89,0.33,85.0,5.25,0.04
136.0,31.87,32.13,28.12,0.02,5.9,0.33,85.0,5.25,0.04
136.5,32.0,32.13,28.12,0.01,5.9,0.29,74.0,5.25,0.04
137.0,32.0,32.13,28.12,0.01,5.91,0.29,74.0,5.25,0.04
137.5,32.0,32.13,28.12,0.01,5.91,0.29,74.0,5.25,0.04
138.0,32.0,32.13,28.12,0.01,5.92,0.29,74.0,5.25,0.04
138.5,32.0,32.13,28.12,0.01,5.92,0.29,74.0,5.25,0.04
139.0,32.06,32.13,28.12,0.0,5.92,0.27,68.0,5.25,0.04
139.5,32.06,32.13,28.12,0.0,5.93,0.27,68.0,5.25,0.04
140.0,32.06,32.13,28.12,0.0,5.93,0.27,68.0,5.25,0.04
140.5,32.06,32.13,28.12,0.0,5.93,0.27,69.0,5.25,0.04
141.0,32.06,32.13,28.12,0.0,5.93,0.27,69.0,5.25,0.04
141.5,32.06,32.13,28.12,0.0,5.93,0.27,69.0,5.25,0.04
142.0,32.06,32.13,28.12,0.0,5.94,0.27,69.0,5.25,0.04
142.5,32.06,32.13,28.12,0.0,5.94,0.27,69.0,5.25,0.04
143.0,32.13,32.13,28.12,0.0,5.94,0.25,63.0,5.25,0.04
143.5,32.06,32.13,28.12,0.0,5.94,0.27,69.0,5.25,0.04
144.0,32.06,32.13,28.12,0.0,5.94,0.27,69.0,5.25,0.04
144.5,32.06,32.13,28.12,0.0,5.94,0.27,69.0,5.25,0.04
145.0,32.06,32.13,28.12,0.0,5.95,0.27,69.0,5.25,0.04
145.5,32.06,32.13,28.12,0.0,5.95,0.27,69.0,5.25,0.04
146.0,32.06,32.13,28.12,0.0,5.95,0.27,69.0,5.25,0.04
146.5,32.06,32.13,28.12,0.0,5.95,0.27,69.0,5.25,0.04
147.0,32.06,32.13,28.12,0.0,5.95,0.27,69.0,5.25,0.04
147.5,32.13,32.13,28.12,0.0,5.95,0.25,63.0,5.25,0.04
148.0,32.06,32.13,28.12,0.0,5.96,0.27,69.0,5.25,0.04
148.5,32.06,32.13,28.12,0.0,5.96,0.27,69.0,5.25,0.04
149.0,32.06,32.13,28.12,0.0,5.96,0.27,69.0,5.25,0.04
149.5,32.06,32.13,28.12,0.0,5.96,0.27,69.0,5.25,0.04
150.0,32.13,32.13,28.12,0.0,5.96,0.25,63.0,5.25,0.04
150.5,32.06,32.13,28.12,0.0,5.96,0.27,69.0,5.25,0.04
151.0,32.13,32.13,28.12,0.0,5.96,0.25,63.0,5.25,0.04
151.5,32.13,32.13,28.12,0.0,5.96,0.25,63.0,5.25,0.04
152.0,32.13,32.13,28.12,0.0,5.96,0.25,63.0,5.25,0.04
152.5,32.13,32.13,28.12,0.0,5.96,0.25,63.0,5.25,0.04
153.0,32.13,32.13,28.12,0.0,5.96,0.25,63.0,5.25,0.04
153.5,32.06,32.13,28.12,0.0,5.97,0.27,69.0,5.25,0.04
154.0,32.06,32.13,28.12,0.0,5.97,0.27,69.0,5.25,0.04
154.5,32.13,32.13,28.12,0.0,5.97,0.25,63.0,5.25,0.04
155.0,32.13,32.13,28.12,0.0,5.97,0.25,63.0,5.25,0.04
155.5,32.06,32.13,28.12,0.0,5.97,0.27,69.0,5.25,0.04
156.0,32.13,32.13,28.12,0.0,5.97,0.25,63.0,5.25,0.04
156.5,32.13,32.13,28.12,0.0,5.97,0.25,63.0,5.25,0.04
157.0,32.13,32.13,28.12,0.0,5.97,0.25,63.0,5.25,0.04
157.5,32.13,32.13,28.12,0.0,5.97,0.25,63.0,5.25,0.04
158.0,32.13,32.13,28.12,0.0,5.97,0.25,63.0,5.25,0.04
158.5,32.13,32.13,28.12,0.0,5.97,0.25,63.0,5.25,0.04
159.0,32.06,32.13,28.12,0.0,5.97,0.27,69.0,5.25,0.04
159.5,32.13,32.13,28.12,0.0,5.97,0.25,63.0,5.25,0.04
160.0,32.13,32.13,28.12,0.0,5.97,0.25,63.0,5.25,0.04
160.5,32.13,32.13,28.12,0.0,5.97,0.25,63.0,5.25,0.04
161.0,32.13,32.13,28.12,0.0,5.97,0.25,63.0,5.25,0.04
161.5,32.06,32.13,28.12,0.0,5.97,0.27,69.0,5.25,0.04
162.0,32.13,32.13,28.12,0.0,5.97,0.25,63.0,5.25,0.04
162.5,32.13,32.13,28.12,0.0,5.97,0.25,63.0,5.25,0.04
163.0,32.13,32.13,28.12,0.0,5.97,0.25,63.0,5.25,0.04
163.5,32.13,32.13,28.12,0.0,5.97,0.25,63.0,5.25,0.04
164.0,32.06,32.13,28.12,0.0,5.98,0.27,69.0,5.25,0.04
164.5,32.06,32.13,28.12,0.0,5.98,0.27,69.0,5.25,0.04
165.0,32.0,32.13,28.12,0.01,5.98,0.29,75.0,5.25,0.04
165.5,32.06,32.13,28.12,0.0,5.98,0.27,69.0,5.25,0.04
166.0,32.06,32.13,28.12,0.0,5.99,0.27,69.0,5.25,0.04
166.5,32.13,32.13,28.12,0.0,5.99,0.25,64.0,5.25,0.04
167.0,32.06,32.13,28.12,0.0,5.99,0.27,69.0,5.25,0.04
167.5,32.06,32.13,28.12,0.0,5.99,0.27,69.0,5.25,0.04
168.0,32.06,32.13,28.12,0.0,5.99,0.27,69.0,5.25,0.04
168.5,32.06,32.13,28.12,0.0,6.0,0.27,69.0,5.25,0.04
169.0,32.0,32.13,28.12,0.01,6.0,0.3,75.0,5.25,0.04
169.5,32.06,32.13,28.12,0.0,6.0,0.27,69.0,5.25,0.04
170.0,32.06,32.13,28.12,0.0,6.0,0.27,69.0,5.25,0.04
170.5,32.06,32.13,28.12,0.0,6.01,0.27,69.0,5.25,0.04
171.0,32.06,32.13,28.12,0.0,6.01,0.27,69.0,5.25,0.04
171.5,32.0,32.13,28.12,0.01,6.01,0.3,75.0,5.25,0.04
172.0,32.0,32.13,28.12,0.01,6.02,0.3,75.0,5.25,0.04
172.5,32.06,32.13,28.12,0.0,6.02,0.27,69.0,5.25,0.04
173.0,32.0,32.13,28.12,0.01,6.02,0.3,75.0,5.25,0.04
173.5,32.0,32.13,28.12,0.01,6.03,0.3,75.0,5.25,0.04
174.0,32.0,32.13,28.12,0.01,6.03,0.3,75.0,5.25,0.04
174.5,32.0,32.13,28.12,0.01,6.03,0.3,75.0,5.25,0.04
175.0,32.0,32.13,28.12,0.01,6.04,0.3,75.0,5.25,0.04
175.5,32.0,32.13,28.12,0.01,6.04,0.3,75.0,5.25,0.04
176.0,32.0,32.13,28.12,0.01,6.05,0.3,75.0,5.25,0.04
176.5,32.0,32.13,28.12,0.01,6.05,0.3,75.0,5.25,0.04
177.0,31.94,32.13,28.12,0.01,6.06,0.32,81.0,5.25,0.04
177.5,32.0,32.13,28.12,0.01,6.06,0.3,75.0,5.25,0.04
178.0,32.0,32.13,28.12,0.01,6.06,0.3,75.0,5.25,0.04
178.5,31.94,32.13,28.12,0.01,6.07,0.32,81.0,5.25,0.04
179.0,32.0,32.13,28.12,0.01,6.08,0.3,76.0,5.25,0.04
179.5,32.0,32.13,28.12,0.01,6.08,0.3,76.0,5.25,0.04
180.0,31.94,32.13,28.12,0.01,6.09,0.32,81.0,5.25,0.04
180.5,31.94,32.13,28.12,0.01,6.09,0.32,81.0,5.25,0.04
181.0,31.94,32.13,28.12,0.01,6.1,0.32,81.0,5.25,0.04
181.5,31.94,32.13,28.12,0.01,6.1,0.32,81.0,5.25,0.04
182.0,31.94,32.13,28.12,0.01,6.11,0.32,81.0,5.25,0.04
182.5,31.94,32.13,28.12,0.01,6.12,0.32,82.0,5.25,0.04
183.0,31.94,32.13,28.12,0.01,6.12,0.32,82.0,5.25,0.04
183.5,31.94,32.13,28.12,0.01,6.13,0.32,82.0,5.25,0.04
184.0,31.94,32.13,28.12,0.01,6.13,0.32,82.0,5.25,0.04
184.5,32.0,32.13,28.12,0.01,6.14,0.3,76.0,5.25,0.04
185.0,32.0,32.13,28.12,0.01,6.14,0.3,76.0,5.25,0.04
185.5,31.94,32.13,28.12,0.01,6.15,0.32,82.0,5.25,0.04
186.0,32.0,32.13,28.12,0.01,6.15,0.3,76.0,5.25,0.04
186.5,32.0,32.13,28.12,0.01,6.16,0.3,76.0,5.25,0.04
187.0,31.94,32.13,28.12,0.01,6.16,0.32,82.0,5.25,0.04
187.5,32.0,32.13,28.12,0.01,6.17,0.3,77.0,5.25,0.04
188.0,32.0,32.13,28.12,0.01,6.17,0.3,77.0,5.25,0.04
188.5,32.0,32.13,28.12,0.01,6.18,0.3,77.0,5.25,0.04
189.0,32.0,32.13,28.12,0.01,6.18,0.3,77.0,5.25,0.04
189.5,32.0,32.13,28.12,0.01,6.18,0.3,77.0,5.25,0.04
190.0,32.0,32.13,28.12,0.01,6.19,0.3,77.0,5.25,0.04
190.5,32.0,32.13,28.12,0.01,6.19,0.3,77.0,5.25,0.04
191.0,32.0,32.13,28.12,0.01,6.2,0.3,77.0,5.25,0.04
191.5,32.0,32.13,28.12,0.01,6.2,0.3,77.0,5.25,0.04
192.0,32.0,32.13,28.12,0.01,6.2,0.3,77.0,5.25,0.04
192.5,32.0,32.13,28.12,0.01,6.21,0.3,77.0,5.25,0.04
193.0,32.0,32.13,28.12,0.01,6.21,0.3,77.0,5.25,0.04
193.5,32.0,32.13,28.12,0.01,6.22,0.3,77.0,5.25,0.04
194.0,32.0,32.13,28.12,0.01,6.22,0.3,77.0,5.25,0.04
194.5,31.94,32.13,28.12,0.01,6.23,0.33,83.0,5.25,0.04
195.0,32.0,32.13,28.12,0.01,6.23,0.3,77.0,5.25,0.04
195.5,32.0,32.13,28.12,0.01,6.24,0.31,77.0,5.25,0.04
196.0,32.0,32.13,28.12,0.01,6.24,0.31,77.0,5.25,0.04
196.5,32.0,32.13,28.12,0.01,6.24,0.31,77.0,5.25,0.04
197.0,32.0,32.13,28.12,0.01,6.25,0.31,77.0,5.25,0.04
197.5,32.0,32.13,28.12,0.01,6.25,0.31,77.0,5.25,0.04
198.0,32.06,32.13,28.12,0.0,6.25,0.28,72.0,5.25,0.04
198.5,32.0,32.13,28.12,0.01,6.26,0.31,78.0,5.25,0.04
199.0,32.0,32.13,28.12,0.01,6.26,0.31,78.0,5.25,0.04
199.5,32.0,32.13,28.12,0.01,6.27,0.31,78.0,5.25,0.04
200.0,32.06,38.13,28.12,0.4,6.47,2.37,255.0,5.25,0.04
200.5,32.06,38.13,28.12,0.4,6.67,2.38,255.0,5.25,0.04
201.0,32.06,38.13,28.12,0.4,6.86,2.38,255.0,5.25,0.04
201.5,32.06,38.13,28.12,0.4,7.06,2.39,255.0,5.25,0.04
202.0,32.06,38.13,28.12,0.4,7.26,2.4,255.0,5.25,0.04
202.5,32.0,38.13,28.12,0.4,7.47,2.43,255.0,5.25,0.04
203.0,32.0,38.13,28.12,0.4,7.67,2.44,255.0,5.25,0.04
203.5,32.06,38.13,28.12,0.4,7.87,2.43,255.0,5.25,0.04
204.0,32.06,38.13,28.12,0.4,8.07,2.43,255.0,5.25,0.04
204.5,32.06,38.13,28.12,0.4,8.26,2.44,255.0,5.25,0.04
205.0,32.06,38.13,28.12,0.4,8.46,2.45,255.0,5.25,0.04
205.5,32.06,38.13,28.12,0.4,8.66,2.46,255.0,5.25,0.04
206.0,32.13,38.13,28.12,0.39,8.86,2.45,255.0,5.25,0.04
206.5,32.13,38.13,28.12,0.39,9.06,2.45,255.0,5.25,0.04
207.0,32.13,38.13,28.12,0.39,9.26,2.46,255.0,5.25,0.04
207.5,32.13,38.13,28.12,0.39,9.45,2.47,255.0,5.25,0.04
208.0,32.19,38.13,28.12,0.39,9.65,2.46,255.0,5.25,0.04
208.5,32.19,38.13,28.12,0.39,9.84,2.47,255.0,5.25,0.04
209.0,32.25,38.13,28.12,0.39,10.04,2.45,255.0,5.25,0.04
209.5,32.25,38.13,28.12,0.39,10.23,2.46,255.0,5.25,0.04
210.0,32.31,38.13,28.12,0.38,10.42,2.45,255.0,5.25,0.04
210.5,32.38,38.13,28.12,0.38,10.61,2.43,255.0,5.25,0.04
211.0,32.38,38.13,28.12,0.38,10.8,2.44,255.0,5.25,0.04
211.5,32.44,38.13,28.12,0.37,10.99,2.43,255.0,5.25,0.04
212.0,32.44,38.13,28.12,0.37,11.17,2.44,255.0,5.25,0.04
212.5,32.5,38.13,28.12,0.37,11.36,2.42,255.0,5.25,0.04
213.0,32.56,38.13,28.12,0.37,11.54,2.41,255.0,5.25,0.04
213.5,32.63,38.13,28.12,0.36,11.72,2.39,255.0,5.25,0.04
214.0,32.56,38.13,28.12,0.37,11.91,2.42,255.0,5.25,0.04
214.5,32.69,38.13,28.12,0.36,12.08,2.39,255.0,5.25,0.04
215.0,32.69,38.13,28.12,0.36,12.26,2.39,255.0,5.25,0.04
215.5,32.75,38.13,28.12,0.35,12.44,2.38,255.0,5.25,0.04
216.0,32.69,38.13,28.12,0.36,12.62,2.41,255.0,5.25,0.04
216.5,32.75,38.13,28.12,0.35,12.8,2.4,255.0,5.25,0.04
217.0,32.81,38.13,28.12,0.35,12.97,2.38,255.0,5.25,0.04
217.5,32.81,38.13,28.12,0.35,13.15,2.39,255.0,5.25,0.04
218.0,32.88,38.13,28.12,0.35,13.32,2.37,255.0,5.25,0.04
218.5,32.94,38.13,28.12,0.34,13.49,2.36,255.0,5.25,0.04
219.0,32.94,38.13,28.12,0.34,13.66,2.37,255.0,5.25,0.04
219.5,33.0,38.13,28.12,0.34,13.83,2.35,255.0,5.25,0.04
220.0,33.06,38.13,28.12,0.33,13.99,2.34,255.0,5.25,0.04
220.5,33.06,38.13,28.12,0.33,14.16,2.34,255.0,5.25,0.04
221.0,33.13,38.13,28.12,0.33,14.33,2.33,255.0,5.25,0.04
221.5,33.06,38.13,28.12,0.33,14.49,2.36,255.0,5.25,0.04
222.0,33.13,38.13,28.12,0.33,14.66,2.34,255.0,5.25,0.04
222.5,33.19,38.13,28.12,0.32,14.82,2.33,255.0,5.25,0.04
223.0,33.25,38.13,28.12,0.32,14.98,2.31,255.0,5.25,0.04
223.5,33.25,38.13,28.12,0.32,15.14,2.32,255.0,5.25,0.04
224.0,33.31,38.13,28.12,0.32,15.3,2.31,255.0,5.25,0.04
224.5,33.38,38.13,28.12,0.31,15.45,2.29,255.0,5.25,0.04
225.0,33.38,38.13,28.12,0.31,15.61,2.3,255.0,5.25,0.04
225.5,33.44,38.13,28.12,0.31,15.76,2.28,255.0,5.25,0.04
226.0,33.5,38.13,28.12,0.3,15.92,2.27,255.0,5.25,0.04
226.5,33.5,38.13,28.12,0.3,16.07,2.27,255.0,5.25,0.04
227.0,33.56,38.13,28.12,0.3,16.22,2.26,255.0,5.25,0.04
227.5,33.56,38.13,28.12,0.3,16.37,2.26,255.0,5.25,0.04
228.0,33.63,38.13,28.12,0.3,16.52,2.25,255.0,5.25,0.04
228.5,33.63,38.13,28.12,0.3,16.67,2.26,255.0,5.25,0.04
229.0,33.69,38.13,28.12,0.29,16.81,2.24,255.0,5.25,0.04
229.5,33.75,38.13,28.12,0.29,16.96,2.22,255.0,5.25,0.04
230.0,33.75,38.13,28.12,0.29,17.1,2.23,255.0,5.25,0.04
230.5,33.81,38.13,28.12,0.28,17.24,2.21,255.0,5.25,0.04
231.0,33.88,38.13,28.12,0.28,17.38,2.2,255.0,5.25,0.04
231.5,33.88,38.13,28.12,0.28,17.52,2.21,255.0,5.25,0.04
232.0,33.94,38.13,28.12,0.28,17.66,2.19,255.0,5.25,0.04
232.5,34.0,38.13,28.12,0.27,17.79,2.17,255.0,5.25,0.04
233.0,34.0,38.13,28.12,0.27,17.93,2.18,255.0,5.25,0.04
233.5,34.06,38.13,28.12,0.27,18.06,2.16,255.0,5.25,0.04
234.0,34.13,38.13,28.12,0.26,18.19,2.15,255.0,5.25,0.04
234.5,34.19,38.13,28.12,0.26,18.32,2.13,255.0,5.25,0.04
235.0,34.19,38.13,28.12,0.26,18.45,2.14,255.0,5.25,0.04
235.5,34.19,38.13,28.12,0.26,18.58,2.14,255.0,5.25,0.04
236.0,34.31,38.13,28.12,0.25,18.71,2.1,255.0,5.25,0.04
236.5,34.25,38.13,28.12,0.25,18.84,2.13,255.0,5.25,0.04
237.0,34.31,38.13,28.12,0.25,18.96,2.11,255.0,5.25,0.04
237.5,34.38,38.13,28.12,0.25,19.09,2.1,255.0,5.25,0.04
238.0,34.44,38.13,28.12,0.24,19.21,2.08,255.0,5.25,0.04
238.5,34.5,38.13,28.12,0.24,19.33,2.06,255.0,5.25,0.04
239.0,34.5,38.13,28.12,0.24,19.44,2.07,255.0,5.25,0.04
239.5,34.5,38.13,28.12,0.24,19.56,2.07,255.0,5.25,0.04
240.0,34.56,38.13,28.12,0.23,19.68,2.06,255.0,5.25,0.04
240.5,34.56,38.13,28.12,0.23,19.8,2.06,255.0,5.25,0.04
241.0,34.63,38.13,28.12,0.23,19.91,2.05,255.0,5.25,0.04
241.5,34.69,38.13,28.12,0.23,20.03,2.03,255.0,5.25,0.04
242.0,34.75,38.13,28.12,0.22,20.14,2.01,255.0,5.25,0.04
242.5,34.75,38.13,28.12,0.22,20.25,2.02,255.0,5.25,0.04
243.0,34.81,38.13,28.12,0.22,20.36,2.0,255.0,5.25,0.04
243.5,34.81,38.13,28.12,0.22,20.47,2.0,255.0,5.25,0.04
244.0,34.88,38.13,28.12,0.21,20.57,1.99,255.0,5.25,0.04
244.5,34.88,38.13,28.12,0.21,20.68,1.99,255.0,5.25,0.04
245.0,34.94,38.13,28.12,0.21,20.79,1.97,255.0,5.25,0.04
245.5,34.94,38.13,28.12,0.21,20.89,1.98,255.0,5.25,0.04
246.0,34.94,38.13,28.12,0.21,21.0,1.98,255.0,5.25,0.04
246.5,35.0,38.13,28.12,0.21,21.1,1.97,255.0,5.25,0.04
247.0,35.06,38.13,28.12,0.2,21.2,1.95,255.0,5.25,0.04
247.5,35.06,38.13,28.12,0.2,21.3,1.95,255.0,5.25,0.04
248.0,35.13,38.13,28.12,0.2,21.4,1.94,255.0,5.25,0.04
248.5,35.13,38.13,28.12,0.2,21.5,1.94,255.0,5.25,0.04
249.0,35.19,38.13,28.12,0.19,21.59,1.92,255.0,5.25,0.04
249.5,35.19,38.13,28.12,0.19,21.69,1.93,255.0,5.25,0.04
250.0,35.25,38.13,28.12,0.19,21.78,1.91,255.0,5.25,0.04
250.5,35.25,38.13,28.12,0.19,21.88,1.91,255.0,5.25,0.04
251.0,35.31,38.13,28.12,0.19,21.97,1.9,255.0,5.25,0.04
251.5,35.31,38.13,28.12,0.19,22.06,1.9,255.0,5.25,0.04
252.0,35.38,38.13,28.12,0.18,22.15,1.88,255.0,5.25,0.04
252.5,35.38,38.13,28.12,0.18,22.25,1.88,255.0,5.25,0.04
253.0,35.44,38.13,28.12,0.18,22.33,1.87,255.0,5.25,0.04
253.5,35.44,38.13,28.12,0.18,22.42,1.87,255.0,5.25,0.04
254.0,35.5,38.13,28.12,0.17,22.51,1.85,255.0,5.25,0.04
254.5,35.56,38.13,28.12,0.17,22.59,1.83,255.0,5.25,0.04
255.0,35.56,38.13,28.12,0.17,22.68,1.84,255.0,5.25,0.04
255.5,35.63,38.13,28.12,0.16,22.76,1.82,255.0,5.25,0.04
256.0,35.63,38.13,28.12,0.16,22.84,1.82,255.0,5.25,0.04
256.5,35.69,38.13,28.12,0.16,22.92,1.81,255.0,5.25,0.04
257.0,35.69,38.13,28.12,0.16,23.0,1.81,255.0,5.25,0.04
257.5,35.75,38.13,28.12,0.16,23.08,1.79,255.0,5.25,0.04
258.0,35.81,38.13,28.12,0.15,23.16,1.77,255.0,5.25,0.04
258.5,35.75,38.13,28.12,0.16,23.23,1.8,255.0,5.25,0.04
259.0,35.81,38.13,28.12,0.15,23.31,1.78,255.0,5.25,0.04
259.5,35.88,38.13,28.12,0.15,23.38,1.76,255.0,5.25,0.04
260.0,35.94,38.13,28.12,0.14,23.46,1.74,255.0,5.25,0.04
260.5,35.94,38.13,28.12,0.14,23.53,1.74,255.0,5.25,0.04
261.0,35.94,38.13,28.12,0.14,23.6,1.75,255.0,5.25,0.04
261.5,36.0,38.13,28.12,0.14,23.67,1.73,255.0,5.25,0.04
262.0,36.0,38.13,28.12,0.14,23.74,1.73,255.0,5.25,0.04
262.5,36.0,38.13,28.12,0.14,23.81,1.73,255.0,5.25,0.04
263.0,36.0,38.13,28.12,0.14,23.88,1.74,255.0,5.25,0.04
263.5,36.06,38.13,28.12,0.14,23.95,1.72,255.0,5.25,0.04
264.0,36.13,38.13,28.12,0.13,24.01,1.7,255.0,5.25,0.04
264.5,36.06,38.13,28.12,0.14,24.08,1.72,255.0,5.25,0.04
265.0,36.13,38.13,28.12,0.13,24.15,1.71,255.0,5.25,0.04
265.5,36.13,38.13,28.12,0.13,24.21,1.71,255.0,5.25,0.04
266.0,36.19,38.13,28.12,0.13,24.28,1.69,255.0,5.25,0.04
266.5,36.19,38.13,28.12,0.13,24.34,1.69,255.0,5.25,0.04
267.0,36.19,38.13,28.12,0.13,24.4,1.69,255.0,5.25,0.04
267.5,36.25,38.13,28.12,0.12,24.47,1.68,255.0,5.25,0.04
268.0,36.25,38.13,28.12,0.12,24.53,1.68,255.0,5.25,0.04
268.5,36.31,38.13,28.12,0.12,24.59,1.66,255.0,5.25,0.04
269.0,36.31,38.13,28.12,0.12,24.65,1.66,255.0,5.25,0.04
269.5,36.31,38.13,28.12,0.12,24.71,1.66,255.0,5.25,0.04
270.0,36.31,38.13,28.12,0.12,24.77,1.67,255.0,5.25,0.04
270.5,36.38,38.13,28.12,0.12,24.82,1.65,255.0,5.25,0.04
271.0,36.38,38.13,28.12,0.12,24.88,1.65,255.0,5.25,0.04
271.5,36.44,38.13,28.12,0.11,24.94,1.63,255.0,5.25,0.04
272.0,36.44,38.13,28.12,0.11,24.99,1.63,255.0,5.25,0.04
272.5,36.5,38.13,28.12,0.11,25.05,1.61,255.0,5.25,0.04
273.0,36.5,38.13,28.12,0.11,25.1,1.62,255.0,5.25,0.04
273.5,36.5,38.13,28.12,0.11,25.15,1.62,255.0,5.25,0.04
274.0,36.5,38.13,28.12,0.11,25.21,1.62,255.0,5.25,0.04
274.5,36.56,38.13,28.12,0.1,25.26,1.6,255.0,5.25,0.04
275.0,36.56,38.13,28.12,0.1,25.31,1.6,255.0,5.25,0.04
275.5,36.63,38.13,28.12,0.1,25.36,1.58,255.0,5.25,0.04
276.0,36.63,38.13,28.12,0.1,25.41,1.59,255.0,5.25,0.04
276.5,36.69,38.13,28.12,0.09,25.45,1.57,255.0,5.25,0.04
277.0,36.69,38.13,28.12,0.09,25.5,1.57,255.0,5.25,0.04
277.5,36.69,38.13,28.12,0.09,25.55,1.57,255.0,5.25,0.04
278.0,36.75,38.13,28.12,0.09,25.59,1.55,255.0,5.25,0.04
278.5,36.81,38.13,28.12,0.09,25.64,1.53,255.0,5.25,0.04
279.0,36.88,38.13,28.12,0.08,25.68,1.51,255.0,5.25,0.04
279.5,36.88,38.13,28.12,0.08,25.72,1.51,255.0,5.25,0.04
280.0,36.88,38.13,28.12,0.08,25.76,1.51,255.0,5.25,0.04
280.5,36.88,38.13,28.12,0.08,25.8,1.52,255.0,5.25,0.04
281.0,36.88,38.13,28.12,0.08,25.84,1.52,255.0,5.25,0.04
281.5,36.88,38.13,28.12,0.08,25.88,1.52,255.0,5.25,0.04
282.0,36.94,38.13,28.12,0.08,25.92,1.5,255.0,5.25,0.04
282.5,36.94,38.13,28.12,0.08,25.96,1.5,255.0,5.25,0.04
283.0,37.0,38.13,28.12,0.07,26.0,1.48,255.0,5.25,0.04
283.5,37.0,38.13,28.12,0.07,26.04,1.48,255.0,5.25,0.04
284.0,37.06,38.13,28.12,0.07,26.07,1.46,255.0,5.25,0.04
284.5,37.06,38.13,28.12,0.07,26.11,1.46,255.0,5.25,0.04
285.0,37.13,38.13,28.12,0.07,26.14,1.44,255.0,5.25,0.04
285.5,37.13,38.13,28.12,0.07,26.17,1.44,255.0,5.25,0.04
286.0,37.13,38.13,28.12,0.07,26.2,1.45,255.0,5.25,0.04
286.5,37.13,38.13,28.12,0.07,26.24,1.45,255.0,5.25,0.04
287.0,37.19,38.13,28.12,0.06,26.27,1.43,255.0,5.25,0.04
287.5,37.19,38.13,28.12,0.06,26.3,1.43,255.0,5.25,0.04
288.0,37.19,38.13,28.12,0.06,26.33,1.43,255.0,5.25,0.04
288.5,37.25,38.13,28.12,0.06,26.36,1.41,255.0,5.25,0.04
289.0,37.25,38.13,28.12,0.06,26.39,1.41,255.0,5.25,0.04
289.5,37.31,38.13,28.12,0.05,26.41,1.39,255.0,5.25,0.04
290.0,37.31,38.13,28.12,0.05,26.44,1.39,255.0,5.25,0.04
290.5,37.38,38.13,28.12,0.05,26.47,1.37,255.0,5.25,0.04
291.0,37.38,38.13,28.12,0.05,26.49,1.37,255.0,5.25,0.04
291.5,37.44,38.13,28.12,0.05,26.51,1.35,255.0,5.25,0.04
292.0,37.44,38.13,28.12,0.05,26.54,1.35,255.0,5.25,0.04
292.5,37.44,38.13,28.12,0.05,26.56,1.35,255.0,5.25,0.04
293.0,37.5,38.13,28.12,0.04,26.58,1.33,255.0,5.25,0.04
293.5,37.5,38.13,28.12,0.04,26.6,1.33,255.0,5.25,0.04
294.0,37.5,38.13,28.12,0.04,26.62,1.33,255.0,5.25,0.04
294.5,37.5,38.13,28.12,0.04,26.64,1.33,255.0,5.25,0.04
295.0,37.5,38.13,28.12,0.04,26.66,1.34,255.0,5.25,0.04
295.5,37.5,38.13,28.12,0.04,26.68,1.34,255.0,5.25,0.04
296.0,37.56,38.13,28.12,0.04,26.7,1.32,255.0,5.25,0.04
296.5,37.56,38.13,28.12,0.04,26.72,1.32,255.0,5.25,0.04
297.0,37.63,38.13,28.12,0.03,26.74,1.3,255.0,5.25,0.04
297.5,37.63,38.13,28.12,0.03,26.75,1.3,255.0,5.25,0.04
298.0,37.69,38.13,28.12,0.03,26.77,1.28,255.0,5.25,0.04
298.5,37.69,38.13,28.12,0.03,26.78,1.28,255.0,5.25,0.04
299.0,37.69,38.13,28.12,0.03,26.79,1.28,255.0,5.25,0.04
299.5,37.75,38.13,28.12,0.02,26.81,1.26,255.0,5.25,0.04
300.0,37.75,38.13,28.12,0.02,26.82,1.26,255.0,5.25,0.04
300.5,37.75,38.13,28.12,0.02,26.83,1.26,255.0,5.25,0.04
301.0,37.81,38.13,28.12,0.02,26.84,1.24,255.0,5.25,0.04
301.5,37.81,38.13,28.12,0.02,26.85,1.24,255.0,5.25,0.04
302.0,37.88,38.13,28.12,0.02,26.86,1.21,255.0,5.25,0.04
302.5,37.88,38.13,28.12,0.02,26.87,1.21,255.0,5.25,0.04
303.0,37.88,38.13,28.12,0.02,26.88,1.22,255.0,5.25,0.04
303.5,37.88,38.13,28.12,0.02,26.89,1.22,255.0,5.25,0.04
304.0,37.94,38.13,28.12,0.01,26.89,1.19,255.0,5.25,0.04
304.5,37.88,38.13,28.12,0.02,26.9,1.22,255.0,5.25,0.04
305.0,37.94,38.13,28.12,0.01,26.91,1.19,255.0,5.25,0.04
305.5,37.94,38.13,28.12,0.01,26.91,1.2,255.0,5.25,0.04
306.0,38.06,38.13,28.12,0.0,26.91,1.15,255.0,5.25,0.04
306.5,38.0,38.13,28.12,0.01,26.92,1.17,255.0,5.25,0.04
307.0,38.06,38.13,28.12,0.0,26.92,1.15,255.0,5.25,0.04
307.5,38.06,38.13,28.12,0.0,26.92,1.15,255.0,5.25,0.04
308.0,38.06,38.13,28.12,0.0,26.92,1.15,255.0,5.25,0.04
308.5,38.06,38.13,28.12,0.0,26.93,1.15,255.0,5.25,0.04
309.0,38.06,38.13,28.12,0.0,26.93,1.15,255.0,5.25,0.04
309.5,38.13,38.13,28.12,0.0,26.93,1.13,255.0,5.25,0.04
310.0,38.13,38.13,28.12,0.0,26.93,1.13,255.0,5.25,0.04
310.5,38.13,38.13,28.12,0.0,26.93,1.13,255.0,5.25,0.04
311.0,38.19,38.13,28.12,-0.0,26.93,1.11,255.0,5.25,0.04
311.5,38.13,38.13,28.12,0.0,26.93,1.13,255.0,5.25,0.04
312.0,38.13,38.13,28.12,0.0,26.93,1.13,255.0,5.25,0.04
312.5,38.19,38.13,28.12,-0.0,26.92,1.11,255.0,5.25,0.04
313.0,38.25,38.13,28.12,-0.01,26.92,1.09,255.0,5.25,0.04
313.5,38.25,38.13,28.12,-0.01,26.92,1.09,255.0,5.25,0.04
314.0,38.25,38.13,28.12,-0.01,26.91,1.09,255.0,5.25,0.04
314.5,38.25,38.13,28.12,-0.01,26.91,1.09,255.0,5.25,0.04
315.0,38.25,38.13,28.12,-0.01,26.9,1.09,255.0,5.25,0.04
315.5,38.31,38.13,28.12,-0.01,26.9,1.06,255.0,5.25,0.04
316.0,38.31,38.13,28.12,-0.01,26.89,1.06,255.0,5.25,0.04
316.5,38.31,38.13,28.12,-0.01,26.89,1.06,255.0,5.25,0.04
317.0,38.31,38.13,28.12,-0.01,26.88,1.06,255.0,5.25,0.04
317.5,38.38,38.13,28.12,-0.02,26.87,1.04,255.0,5.25,0.04
318.0,38.38,38.13,28.12,-0.02,26.86,1.04,255.0,5.25,0.04
318.5,38.38,38.13,28.12,-0.02,26.85,1.04,255.0,5.25,0.04
319.0,38.38,38.13,28.12,-0.02,26.85,1.04,255.0,5.25,0.04
319.5,38.38,38.13,28.12,-0.02,26.84,1.04,255.0,5.25,0.04
320.0,38.44,38.13,28.12,-0.02,26.83,1.02,255.0,5.25,0.04
320.5,38.44,38.13,28.12,-0.02,26.82,1.02,255.0,5.25,0.04
321.0,38.5,38.13,28.12,-0.02,26.81,1.0,254.0,5.25,0.04
321.5,38.5,38.13,28.12,-0.02,26.79,1.0,253.0,5.25,0.04
322.0,38.5,38.13,28.12,-0.02,26.78,1.0,253.0,5.25,0.04
322.5,38.5,38.13,28.12,-0.02,26.77,0.99,253.0,5.25,0.04
323.0,38.5,38.13,28.12,-0.02,26.76,0.99,253.0,5.25,0.04
323.5,38.56,38.13,28.12,-0.03,26.74,0.97,247.0,5.25,0.04
324.0,38.56,38.13,28.12,-0.03,26.73,0.97,247.0,5.25,0.04
324.5,38.56,38.13,28.12,-0.03,26.71,0.97,247.0,5.25,0.04
325.0,38.56,38.13,28.12,-0.03,26.7,0.97,247.0,5.25,0.04
325.5,38.63,38.13,28.12,-0.03,26.68,0.95,241.0,5.25,0.04
326.0,38.63,38.13,28.12,-0.03,26.67,0.95,241.0,5.25,0.04
326.5,38.69,38.13,28.12,-0.04,26.65,0.92,235.0,5.25,0.04
327.0,38.69,38.13,28.12,-0.04,26.63,0.92,235.0,5.25,0.04
327.5,38.69,38.13,28.12,-0.04,26.61,0.92,235.0,5.25,0.04
328.0,38.75,38.13,28.12,-0.04,26.59,0.9,229.0,5.25,0.04
328.5,38.81,38.13,28.12,-0.05,26.57,0.88,223.0,5.25,0.04
329.0,38.81,38.13,28.12,-0.05,26.54,0.88,223.0,5.25,0.04
329.5,38.81,38.13,28.12,-0.05,26.52,0.88,223.0,5.25,0.04
330.0,38.81,38.13,28.12,-0.05,26.5,0.88,223.0,5.25,0.04
330.5,38.81,38.13,28.12,-0.05,26.48,0.87,222.0,5.25,0.04
331.0,38.81,38.13,28.12,-0.05,26.45,0.87,222.0,5.25,0.04
331.5,38.94,38.13,28.12,-0.05,26.43,0.83,211.0,5.25,0.04
332.0,38.88,38.13,28.12,-0.05,26.4,0.85,216.0,5.25,0.04
332.5,38.88,38.13,28.12,-0.05,26.38,0.85,216.0,5.25,0.04
333.0,38.88,38.13,28.12,-0.05,26.35,0.85,216.0,5.25,0.04
333.5,38.88,38.13,28.12,-0.05,26.33,0.85,215.0,5.25,0.04
334.0,38.94,38.13,28.12,-0.05,26.3,0.82,210.0,5.25,0.04
334.5,38.94,38.13,28.12,-0.05,26.27,0.82,209.0,5.25,0.04
335.0,38.94,38.13,28.12,-0.05,26.25,0.82,209.0,5.25,0.04
335.5,39.0,38.13,28.12,-0.06,26.22,0.8,203.0,5.25,0.04
336.0,39.0,38.13,28.12,-0.06,26.19,0.8,203.0,5.25,0.04
336.5,39.06,38.13,28.12,-0.06,26.16,0.77,197.0,5.25,0.04
337.0,39.0,38.13,28.12,-0.06,26.13,0.8,202.0,5.25,0.04
337.5,39.0,38.13,28.12,-0.06,26.1,0.79,202.0,5.25,0.04
338.0,39.0,38.13,28.12,-0.06,26.07,0.79,202.0,5.25,0.04
338.5,39.06,38.13,28.12,-0.06,26.04,0.77,196.0,5.25,0.04
339.0,39.06,38.13,28.12,-0.06,26.01,0.77,195.0,5.25,0.04
339.5,39.06,38.13,28.12,-0.06,25.98,0.77,195.0,5.25,0.04
340.0,39.06,38.13,28.12,-0.06,25.95,0.77,195.0,5.25,0.04
340.5,39.13,38.13,28.12,-0.07,25.92,0.74,189.0,5.25,0.04
341.0,39.13,38.13,28.12,-0.07,25.88,0.74,189.0,5.25,0.04
341.5,39.13,38.13,28.12,-0.07,25.85,0.74,188.0,5.25,0.04
342.0,39.13,38.13,28.12,-0.07,25.82,0.74,188.0,5.25,0.04
342.5,39.13,38.13,28.12,-0.07,25.79,0.74,188.0,5.25,0.04
343.0,39.13,38.13,28.12,-0.07,25.75,0.74,187.0,5.25,0.04
343.5,39.13,38.13,28.12,-0.07,25.72,0.73,187.0,5.25,0.04
344.0,39.13,38.13,28.12,-0.07,25.69,0.73,186.0,5.25,0.04
344.5,39.13,38.13,28.12,-0.07,25.65,0.73,186.0,5.25,0.04
345.0,39.13,38.13,28.12,-0.07,25.62,0.73,186.0,5.25,0.04
345.5,39.13,38.13,28.12,-0.07,25.59,0.73,185.0,5.25,0.04
346.0,39.13,38.13,28.12,-0.07,25.56,0.73,185.0,5.25,0.04
346.5,39.13,38.13,28.12,-0.07,25.52,0.73,185.0,5.25,0.04
347.0,39.19,38.13,28.12,-0.07,25.49,0.7,179.0,5.25,0.04
347.5,39.19,38.13,28.12,-0.07,25.45,0.7,178.0,5.25,0.04
348.0,39.13,38.13,28.12,-0.07,25.42,0.72,184.0,5.25,0.04
348.5,39.13,38.13,28.12,-0.07,25.39,0.72,183.0,5.25,0.04
349.0,39.13,38.13,28.12,-0.07,25.35,0.72,183.0,5.25,0.04
349.5,39.13,38.13,28.12,-0.07,25.32,0.72,183.0,5.25,0.04
350.0,39.13,38.13,28.12,-0.07,25.29,0.72,182.0,5.25,0.04
350.5,39.13,38.13,28.12,-0.07,25.25,0.72,182.0,5.25,0.04
351.0,39.06,38.13,28.12,-0.06,25.22,0.74,187.0,5.25,0.04
351.5,39.13,38.13,28.12,-0.07,25.19,0.71,181.0,5.25,0.04
352.0,39.06,38.13,28.12,-0.06,25.16,0.73,186.0,5.25,0.04
352.5,39.13,38.13,28.12,-0.07,25.13,0.71,180.0,5.25,0.04
353.0,39.13,38.13,28.12,-0.07,25.09,0.71,180.0,5.25,0.04
353.5,39.13,38.13,28.12,-0.07,25.06,0.71,180.0,5.25,0.04
354.0,39.06,38.13,28.12,-0.06,25.03,0.73,185.0,5.25,0.04
354.5,39.13,38.13,28.12,-0.07,25.0,0.7,179.0,5.25,0.04
355.0,39.13,38.13,28.12,-0.07,24.97,0.7,179.0,5.25,0.04
355.5,39.13,38.13,28.12,-0.07,24.93,0.7,178.0,5.25,0.04
356.0,39.06,38.13,28.12,-0.06,24.9,0.72,184.0,5.25,0.04
356.5,39.13,38.13,28.12,-0.07,24.87,0.7,178.0,5.25,0.04
357.0,39.13,38.13,28.12,-0.07,24.84,0.7,177.0,5.25,0.04
357.5,39.06,38.13,28.12,-0.06,24.8,0.72,183.0,5.25,0.04
358.0,39.13,38.13,28.12,-0.07,24.77,0.69,177.0,5.25,0.04
358.5,39.06,38.13,28.12,-0.06,24.74,0.72,182.0,5.25,0.04
359.0,39.06,38.13,28.12,-0.06,24.71,0.71,182.0,5.25,0.04
359.5,39.06,38.13,28.12,-0.06,24.68,0.71,181.0,5.25,0.04
360.0,39.0,38.13,28.12,-0.06,24.65,0.73,186.0,5.25,0.04
360.5,39.06,38.13,28.12,-0.06,24.62,0.71,181.0,5.25,0.04
361.0,39.06,38.13,28.12,-0.06,24.59,0.71,180.0,5.25,0.04
361.5,39.0,38.13,28.12,-0.06,24.56,0.73,185.0,5.25,0.04
362.0,39.0,38.13,28.12,-0.06,24.53,0.73,185.0,5.25,0.04
362.5,39.0,38.13,28.12,-0.06,24.5,0.73,185.0,5.25,0.04
363.0,39.0,38.13,28.12,-0.06,24.47,0.73,184.0,5.25,0.04
363.5,39.0,38.13,28.12,-0.06,24.44,0.72,184.0,5.25,0.04
364.0,39.0,38.13,28.12,-0.06,24.42,0.72,184.0,5.25,0.04
364.5,38.94,38.13,28.12,-0.05,24.39,0.74,189.0,5.25,0.04
365.0,38.94,38.13,28.12,-0.05,24.36,0.74,189.0,5.25,0.04
365.5,39.0,38.13,28.12,-0.06,24.33,0.72,183.0,5.25,0.04
366.0,38.94,38.13,28.12,-0.05,24.31,0.74,188.0,5.25,0.04
366.5,38.94,38.13,28.12,-0.05,24.28,0.74,188.0,5.25,0.04
367.0,38.94,38.13,28.12,-0.05,24.25,0.74,188.0,5.25,0.04
367.5,39.0,38.13,28.12,-0.06,24.22,0.71,182.0,5.25,0.04
368.0,39.0,38.13,28.12,-0.06,24.2,0.71,182.0,5.25,0.04
368.5,39.0,38.13,28.12,-0.06,24.17,0.71,181.0,5.25,0.04
369.0,38.94,38.13,28.12,-0.05,24.14,0.73,186.0,5.25,0.04
369.5,38.94,38.13,28.12,-0.05,24.11,0.73,186.0,5.25,0.04
370.0,38.94,38.13,28.12,-0.05,24.09,0.73,186.0,5.25,0.04
370.5,38.94,38.13,28.12,-0.05,24.06,0.73,186.0,5.25,0.04
371.0,38.94,38.13,28.12,-0.05,24.03,0.73,185.0,5.25,0.04
371.5,38.94,38.13,28.12,-0.05,24.01,0.73,185.0,5.25,0.04
372.0,38.94,38.13,28.12,-0.05,23.98,0.73,185.0,5.25,0.04
372.5,38.94,38.13,28.12,-0.05,23.95,0.73,184.0,5.25,0.04
373.0,38.94,38.13,28.12,-0.05,23.93,0.72,184.0,5.25,0.04
373.5,38.94,38.13,28.12,-0.05,23.9,0.72,184.0,5.25,0.04
374.0,38.88,38.13,28.12,-0.05,23.88,0.74,189.0,5.25,0.04
374.5,38.94,38.13,28.12,-0.05,23.85,0.72,183.0,5.25,0.04
375.0,38.94,38.13,28.12,-0.05,23.82,0.72,183.0,5.25,0.04
375.5,38.94,38.13,28.12,-0.05,23.8,0.72,183.0,5.25,0.04
376.0,38.94,38.13,28.12,-0.05,23.77,0.72,182.0,5.25,0.04
376.5,38.94,38.13,28.12,-0.05,23.74,0.72,182.0,5.25,0.04
377.0,38.94,38.13,28.12,-0.05,23.72,0.72,182.0,5.25,0.04
377.5,38.94,38.13,28.12,-0.05,23.69,0.71,182.0,5.25,0.04
378.0,38.88,38.13,28.12,-0.05,23.66,0.73,187.0,5.25,0.04
378.5,38.94,38.13,28.12,-0.05,23.64,0.71,181.0,5.25,0.04
379.0,38.94,38.13,28.12,-0.05,23.61,0.71,181.0,5.25,0.04
379.5,38.94,38.13,28.12,-0.05,23.58,0.71,180.0,5.25,0.04
380.0,38.94,38.13,28.12,-0.05,23.56,0.71,180.0,5.25,0.04
380.5,38.88,38.13,28.12,-0.05,23.53,0.73,185.0,5.25,0.04
381.0,38.88,38.13,28.12,-0.05,23.51,0.73,185.0,5.25,0.04
381.5,38.88,38.13,28.12,-0.05,23.48,0.73,185.0,5.25,0.04
382.0,38.88,38.13,28.12,-0.05,23.46,0.73,185.0,5.25,0.04
382.5,38.94,38.13,28.12,-0.05,23.43,0.7,179.0,5.25,0.04
383.0,38.94,38.13,28.12,-0.05,23.4,0.7,179.0,5.25,0.04
383.5,38.94,38.13,28.12,-0.05,23.38,0.7,178.0,5.25,0.04
384.0,38.94,38.13,28.12,-0.05,23.35,0.7,178.0,5.25,0.04
384.5,38.88,38.13,28.12,-0.05,23.33,0.72,183.0,5.25,0.04
385.0,38.88,38.13,28.12,-0.05,23.3,0.72,183.0,5.25,0.04
385.5,38.94,38.13,28.12,-0.05,23.28,0.7,177.0,5.25,0.04
386.0,38.88,38.13,28.12,-0.05,23.25,0.72,182.0,5.25,0.04
386.5,38.94,38.13,28.12,-0.05,23.22,0.69,177.0,5.25,0.04
387.0,38.88,38.13,28.12,-0.05,23.2,0.72,182.0,5.25,0.04
387.5,38.88,38.13,28.12,-0.05,23.17,0.71,182.0,5.25,0.04
388.0,38.88,38.13,28.12,-0.05,23.15,0.71,181.0,5.25,0.04
388.5,38.88,38.13,28.12,-0.05,23.12,0.71,181.0,5.25,0.04
389.0,38.88,38.13,28.12,-0.05,23.1,0.71,181.0,5.25,0.04
389.5,38.81,38.13,28.12,-0.05,23.08,0.73,186.0,5.25,0.04
390.0,38.81,38.13,28.12,-0.05,23.06,0.73,186.0,5.25,0.04
390.5,38.81,38.13,28.12,-0.05,23.03,0.73,186.0,5.25,0.04
391.0,38.81,38.13,28.12,-0.05,23.01,0.73,185.0,5.25,0.04
391.5,38.81,38.13,28.12,-0.05,22.99,0.73,185.0,5.25,0.04
392.0,38.81,38.13,28.12,-0.05,22.96,0.73,185.0,5.25,0.04
392.5,38.75,38.13,28.12,-0.04,22.94,0.75,190.0,5.25,0.04
393.0,38.75,38.13,28.12,-0.04,22.92,0.75,190.0,5.25,0.04
393.5,38.75,38.13,28.12,-0.04,22.9,0.75,190.0,5.25,0.04
394.0,38.75,38.13,28.12,-0.04,22.88,0.75,189.0,5.25,0.04
394.5,38.75,38.13,28.12,-0.04,22.86,0.74,189.0,5.25,0.04
395.0,38.75,38.13,28.12,-0.04,22.84,0.74,189.0,5.25,0.04
395.5,38.75,38.13,28.12,-0.04,22.82,0.74,189.0,5.25,0.04
396.0,38.75,38.13,28.12,-0.04,22.8,0.74,189.0,5.25,0.04
396.5,38.75,38.13,28.12,-0.04,22.78,0.74,188.0,5.25,0.04
397.0,38.75,38.13,28.12,-0.04,22.76,0.74,188.0,5.25,0.04
397.5,38.81,38.13,28.12,-0.05,22.74,0.72,182.0,5.25,0.04
398.0,38.75,38.13,28.12,-0.04,22.72,0.74,188.0,5.25,0.04
398.5,38.75,38.13,28.12,-0.04,22.7,0.74,187.0,5.25,0.04
399.0,38.75,38.13,28.12,-0.04,22.67,0.74,187.0,5.25,0.04
399.5,38.75,38.13,28.12,-0.04,22.65,0.74,187.0,5.25,0.04
400.0,38.75,34.13,28.12,-0.3,22.5,-0.65,0.0,5.25,0.04
400.5,38.75,34.13,28.12,-0.3,22.35,-0.66,0.0,5.25,0.04
401.0,38.75,34.13,28.12,-0.3,22.2,-0.67,0.0,5.25,0.04
401.5,38.75,34.13,28.12,-0.3,22.05,-0.67,0.0,5.25,0.04
402.0,38.75,34.13,28.12,-0.3,21.89,-0.68,0.0,5.25,0.04
402.5,38.75,34.13,28.12,-0.3,21.74,-0.69,0.0,5.25,0.04
403.0,38.75,34.13,28.12,-0.3,21.59,-0.69,0.0,5.25,0.04
403.5,38.75,34.13,28.12,-0.3,21.44,-0.7,0.0,5.25,0.04
404.0,38.75,34.13,28.12,-0.3,21.28,-0.7,0.0,5.25,0.04
404.5,38.69,34.13,28.12,-0.3,21.13,-0.69,0.0,5.25,0.04
405.0,38.69,34.13,28.12,-0.3,20.98,-0.7,0.0,5.25,0.04
405.5,38.63,34.13,28.12,-0.3,20.84,-0.68,0.0,5.25,0.04
406.0,38.63,34.13,28.12,-0.3,20.69,-0.69,0.0,5.25,0.04
406.5,38.56,34.13,28.12,-0.29,20.54,-0.67,0.0,5.25,0.04
407.0,38.56,34.13,28.12,-0.29,20.4,-0.68,0.0,5.25,0.04
407.5,38.5,34.13,28.12,-0.29,20.25,-0.66,0.0,5.25,0.04
408.0,38.44,34.13,28.12,-0.28,20.11,-0.65,0.0,5.25,0.04
408.5,38.44,34.13,28.12,-0.28,19.97,-0.65,0.0,5.25,0.04
409.0,38.44,34.13,28.12,-0.28,19.83,-0.66,0.0,5.25,0.04
409.5,38.38,34.13,28.12,-0.28,19.69,-0.64,0.0,5.25,0.04
410.0,38.38,34.13,28.12,-0.28,19.55,-0.65,0.0,5.25,0.04
410.5,38.31,34.13,28.12,-0.28,19.41,-0.63,0.0,5.25,0.04
411.0,38.31,34.13,28.12,-0.28,19.27,-0.64,0.0,5.25,0.04
411.5,38.25,34.13,28.12,-0.27,19.14,-0.62,0.0,5.25,0.04
412.0,38.19,34.13,28.12,-0.27,19.0,-0.61,0.0,5.25,0.04
412.5,38.25,34.13,28.12,-0.27,18.87,-0.63,0.0,5.25,0.04
413.0,38.13,34.13,28.12,-0.26,18.74,-0.6,0.0,5.25,0.04
413.5,38.06,34.13,28.12,-0.26,18.61,-0.58,0.0,5.25,0.04
414.0,38.0,34.13,28.12,-0.25,18.48,-0.56,0.0,5.25,0.04
414.5,38.0,34.13,28.12,-0.25,18.35,-0.57,0.0,5.25,0.04
415.0,38.0,34.13,28.12,-0.25,18.22,-0.57,0.0,5.25,0.04
415.5,37.88,34.13,28.12,-0.25,18.1,-0.54,0.0,5.25,0.04
416.0,37.88,34.13,28.12,-0.25,17.98,-0.54,0.0,5.25,0.04
416.5,37.81,34.13,28.12,-0.24,17.86,-0.52,0.0,5.25,0.04
417.0,37.81,34.13,28.12,-0.24,17.73,-0.53,0.0,5.25,0.04
417.5,37.75,34.13,28.12,-0.24,17.62,-0.51,0.0,5.25,0.04
418.0,37.75,34.13,28.12,-0.24,17.5,-0.52,0.0,5.25,0.04
418.5,37.69,34.13,28.12,-0.23,17.38,-0.5,0.0,5.25,0.04
419.0,37.63,34.13,28.12,-0.23,17.26,-0.48,0.0,5.25,0.04
419.5,37.63,34.13,28.12,-0.23,17.15,-0.49,0.0,5.25,0.04
420.0,37.56,34.13,28.12,-0.23,17.04,-0.47,0.0,5.25,0.04
420.5,37.5,34.13,28.12,-0.22,16.92,-0.46,0.0,5.25,0.04
421.0,37.5,34.13,28.12,-0.22,16.81,-0.46,0.0,5.25,0.04
421.5,37.44,34.13,28.12,-0.22,16.7,-0.44,0.0,5.25,0.04
422.0,37.44,34.13,28.12,-0.22,16.6,-0.45,0.0,5.25,0.04
422.5,37.38,34.13,28.12,-0.21,16.49,-0.43,0.0,5.25,0.04
423.0,37.31,34.13,28.12,-0.21,16.38,-0.41,0.0,5.25,0.04
423.5,37.25,34.13,28.12,-0.21,16.28,-0.4,0.0,5.25,0.04
424.0,37.19,34.13,28.12,-0.2,16.18,-0.38,0.0,5.25,0.04
424.5,37.13,34.13,28.12,-0.2,16.08,-0.36,0.0,5.25,0.04
425.0,37.13,34.13,28.12,-0.2,15.98,-0.37,0.0,5.25,0.04
425.5,37.06,34.13,28.12,-0.19,15.89,-0.35,0.0,5.25,0.04
426.0,37.0,34.13,28.12,-0.19,15.79,-0.33,0.0,5.25,0.04
426.5,37.0,34.13,28.12,-0.19,15.7,-0.33,0.0,5.25,0.04
427.0,36.94,34.13,28.12,-0.19,15.6,-0.32,0.0,5.25,0.04
427.5,36.88,34.13,28.12,-0.18,15.51,-0.3,0.0,5.25,0.04
428.0,36.88,34.13,28.12,-0.18,15.42,-0.3,0.0,5.25,0.04
428.5,36.81,34.13,28.12,-0.18,15.34,-0.28,0.0,5.25,0.04
429.0,36.75,34.13,28.12,-0.17,15.25,-0.27,0.0,5.25,0.04
429.5,36.75,34.13,28.12,-0.17,15.16,-0.27,0.0,5.25,0.04
430.0,36.69,34.13,28.12,-0.17,15.08,-0.25,0.0,5.25,0.04
430.5,36.63,34.13,28.12,-0.16,15.0,-0.23,0.0,5.25,0.04
431.0,36.63,34.13,28.12,-0.16,14.91,-0.24,0.0,5.25,0.04
431.5,36.63,34.13,28.12,-0.16,14.83,-0.24,0.0,5.25,0.04
432.0,36.56,34.13,28.12,-0.16,14.75,-0.22,0.0,5.25,0.04
432.5,36.5,34.13,28.12,-0.16,14.67,-0.2,0.0,5.25,0.04
433.0,36.44,34.13,28.12,-0.15,14.6,-0.19,0.0,5.25,0.04
433.5,36.38,34.13,28.12,-0.15,14.52,-0.17,0.0,5.25,0.04
434.0,36.38,34.13,28.12,-0.15,14.45,-0.17,0.0,5.25,0.04
434.5,36.31,34.13,28.12,-0.14,14.38,-0.15,0.0,5.25,0.04
435.0,36.31,34.13,28.12,-0.14,14.31,-0.16,0.0,5.25,0.04
435.5,36.25,34.13,28.12,-0.14,14.24,-0.14,0.0,5.25,0.04
436.0,36.19,34.13,28.12,-0.14,14.17,-0.12,0.0,5.25,0.04
436.5,36.13,34.13,28.12,-0.13,14.1,-0.1,0.0,5.25,0.04
437.0,36.06,34.13,28.12,-0.13,14.04,-0.08,0.0,5.25,0.04
437.5,36.06,34.13,28.12,-0.13,13.97,-0.08,0.0,5.25,0.04
438.0,36.06,34.13,28.12,-0.13,13.91,-0.09,0.0,5.25,0.04
438.5,36.0,34.13,28.12,-0.12,13.85,-0.07,0.0,5.25,0.04
439.0,35.94,34.13,28.12,-0.12,13.79,-0.05,0.0,5.25,0.04
439.5,35.94,34.13,28.12,-0.12,13.73,-0.05,0.0,5.25,0.04
440.0,35.88,34.13,28.12,-0.12,13.67,-0.03,0.0,5.25,0.04
440.5,35.88,34.13,28.12,-0.12,13.61,-0.03,0.0,5.25,0.04
441.0,35.81,34.13,28.12,-0.11,13.56,-0.01,0.0,5.25,0.04
441.5,35.75,34.13,28.12,-0.11,13.51,0.01,1.0,5.25,0.04
442.0,35.75,34.13,28.12,-0.11,13.45,0.0,0.0,5.25,0.04
442.5,35.69,34.13,28.12,-0.1,13.4,0.02,5.0,5.25,0.04
443.0,35.63,34.13,28.12,-0.1,13.35,0.04,10.0,5.25,0.04
443.5,35.63,34.13,28.12,-0.1,13.3,0.04,10.0,5.25,0.04
444.0,35.56,34.13,28.12,-0.09,13.25,0.06,15.0,5.25,0.04
444.5,35.5,34.13,28.12,-0.09,13.21,0.08,20.0,5.25,0.04
445.0,35.5,34.13,28.12,-0.09,13.16,0.08,19.0,5.25,0.04
445.5,35.44,34.13,28.12,-0.09,13.12,0.1,24.0,5.25,0.04
446.0,35.44,34.13,28.12,-0.09,13.08,0.1,24.0,5.25,0.04
446.5,35.44,34.13,28.12,-0.09,13.03,0.09,23.0,5.25,0.04
447.0,35.38,34.13,28.12,-0.08,12.99,0.11,28.0,5.25,0.04
447.5,35.31,34.13,28.12,-0.08,12.95,0.13,34.0,5.25,0.04
448.0,35.31,34.13,28.12,-0.08,12.92,0.13,33.0,5.25,0.04
448.5,35.25,34.13,28.12,-0.07,12.88,0.15,38.0,5.25,0.04
449.0,35.25,34.13,28.12,-0.07,12.84,0.15,38.0,5.25,0.04
449.5,35.13,34.13,28.12,-0.07,12.81,0.19,49.0,5.25,0.04
450.0,35.13,34.13,28.12,-0.07,12.78,0.19,48.0,5.25,0.04
450.5,35.13,34.13,28.12,-0.07,12.74,0.19,48.0,5.25,0.04
451.0,35.0,34.13,28.12,-0.06,12.71,0.23,59.0,5.25,0.04
451.5,35.0,34.13,28.12,-0.06,12.69,0.23,58.0,5.25,0.04
452.0,35.0,34.13,28.12,-0.06,12.66,0.23,58.0,5.25,0.04
452.5,35.0,34.13,28.12,-0.06,12.63,0.23,58.0,5.25,0.04
453.0,34.94,34.13,28.12,-0.05,12.6,0.25,63.0,5.25,0.04
453.5,34.94,34.13,28.12,-0.05,12.57,0.25,63.0,5.25,0.04
454.0,34.94,34.13,28.12,-0.05,12.55,0.25,62.0,5.25,0.04
454.5,34.94,34.13,28.12,-0.05,12.52,0.24,62.0,5.25,0.04
455.0,34.81,34.13,28.12,-0.05,12.5,0.29,73.0,5.25,0.04
455.5,34.88,34.13,28.12,-0.05,12.47,0.26,67.0,5.25,0.04
456.0,34.81,34.13,28.12,-0.05,12.45,0.29,72.0,5.25,0.04
456.5,34.81,34.13,28.12,-0.05,12.43,0.28,72.0,5.25,0.04
457.0,34.81,34.13,28.12,-0.05,12.41,0.28,72.0,5.25,0.04
457.5,34.75,34.13,28.12,-0.04,12.38,0.3,77.0,5.25,0.04
458.0,34.69,34.13,28.12,-0.04,12.37,0.32,82.0,5.25,0.04
458.5,34.69,34.13,28.12,-0.04,12.35,0.32,82.0,5.25,0.04
459.0,34.69,34.13,28.12,-0.04,12.33,0.32,82.0,5.25,0.04
459.5,34.69,34.13,28.12,-0.04,12.31,0.32,82.0,5.25,0.04
460.0,34.63,34.13,28.12,-0.03,12.29,0.34,87.0,5.25,0.04
460.5,34.63,34.13,28.12,-0.03,12.28,0.34,87.0,5.25,0.04
461.0,34.63,34.13,28.12,-0.03,12.26,0.34,87.0,5.25,0.04
461.5,34.56,34.13,28.12,-0.03,12.25,0.36,92.0,5.25,0.04
462.0,34.56,34.13,28.12,-0.03,12.23,0.36,92.0,5.25,0.04
462.5,34.56,34.13,28.12,-0.03,12.22,0.36,92.0,5.25,0.04
463.0,34.5,34.13,28.12,-0.02,12.21,0.38,97.0,5.25,0.04
463.5,34.5,34.13,28.12,-0.02,12.19,0.38,97.0,5.25,0.04
464.0,34.5,34.13,28.12,-0.02,12.18,0.38,97.0,5.25,0.04
464.5,34.44,34.13,28.12,-0.02,12.17,0.4,102.0,5.25,0.04
465.0,34.44,34.13,28.12,-0.02,12.16,0.4,102.0,5.25,0.04
465.5,34.5,34.13,28.12,-0.02,12.15,0.38,97.0,5.25,0.04
466.0,34.44,34.13,28.12,-0.02,12.14,0.4,102.0,5.25,0.04
466.5,34.44,34.13,28.12,-0.02,12.13,0.4,102.0,5.25,0.04
467.0,34.38,34.13,28.12,-0.02,12.12,0.42,107.0,5.25,0.04
467.5,34.38,34.13,28.12,-0.02,12.11,0.42,107.0,5.25,0.04
468.0,34.38,34.13,28.12,-0.02,12.1,0.42,107.0,5.25,0.04
468.5,34.38,34.13,28.12,-0.02,12.09,0.42,107.0,5.25,0.04
469.0,34.38,34.13,28.12,-0.02,12.09,0.42,107.0,5.25,0.04
469.5,34.38,34.13,28.12,-0.02,12.08,0.42,107.0,5.25,0.04
470.0,34.38,34.13,28.12,-0.02,12.07,0.42,107.0,5.25,0.04
470.5,34.38,34.13,28.12,-0.02,12.06,0.42,107.0,5.25,0.04
471.0,34.44,34.13,28.12,-0.02,12.05,0.4,101.0,5.25,0.04
471.5,34.44,34.13,28.12,-0.02,12.04,0.4,101.0,5.25,0.04
472.0,34.38,34.13,28.12,-0.02,12.03,0.42,106.0,5.25,0.04
472.5,34.38,34.13,28.12,-0.02,12.03,0.42,106.0,5.25,0.04
473.0,34.44,34.13,28.12,-0.02,12.01,0.4,101.0,5.25,0.04
473.5,34.38,34.13,28.12,-0.02,12.01,0.42,106.0,5.25,0.04
474.0,34.38,34.13,28.12,-0.02,12.0,0.42,106.0,5.25,0.04
474.5,34.38,34.13,28.12,-0.02,11.99,0.42,106.0,5.25,0.04
475.0,34.38,34.13,28.12,-0.02,11.98,0.42,106.0,5.25,0.04
475.5,34.31,34.13,28.12,-0.01,11.98,0.44,111.0,5.25,0.04
476.0,34.25,34.13,28.12,-0.01,11.97,0.46,117.0,5.25,0.04
476.5,34.25,34.13,28.12,-0.01,11.97,0.46,117.0,5.25,0.04
477.0,34.25,34.13,28.12,-0.01,11.96,0.46,117.0,5.25,0.04
477.5,34.25,34.13,28.12,-0.01,11.96,0.46,117.0,5.25,0.04
478.0,34.25,34.13,28.12,-0.01,11.96,0.46,117.0,5.25,0.04
478.5,34.25,34.13,28.12,-0.01,11.95,0.46,116.0,5.25,0.04
479.0,34.31,34.13,28.12,-0.01,11.94,0.44,111.0,5.25,0.04
479.5,34.31,34.13,28.12,-0.01,11.94,0.44,111.0,5.25,0.04
480.0,34.25,34.13,28.12,-0.01,11.93,0.46,116.0,5.25,0.04
480.5,34.25,34.13,28.12,-0.01,11.93,0.46,116.0,5.25,0.04
481.0,34.25,34.13,28.12,-0.01,11.93,0.46,116.0,5.25,0.04
481.5,34.25,34.13,28.12,-0.01,11.92,0.46,116.0,5.25,0.04
482.0,34.19,34.13,28.12,-0.0,11.92,0.48,122.0,5.25,0.04
482.5,34.19,34.13,28.12,-0.0,11.92,0.48,122.0,5.25,0.04
483.0,34.19,34.13,28.12,-0.0,11.92,0.48,122.0,5.25,0.04
483.5,34.25,34.13,28.12,-0.01,11.91,0.46,116.0,5.25,0.04
484.0,34.25,34.13,28.12,-0.01,11.91,0.46,116.0,5.25,0.04
484.5,34.19,34.13,28.12,-0.0,11.91,0.48,122.0,5.25,0.04
485.0,34.19,34.13,28.12,-0.0,11.9,0.48,121.0,5.25,0.04
485.5,34.19,34.13,28.12,-0.0,11.9,0.48,121.0,5.25,0.04
486.0,34.19,34.13,28.12,-0.0,11.9,0.48,121.0,5.25,0.04
486.5,34.19,34.13,28.12,-0.0,11.9,0.48,121.0,5.25,0.04
487.0,34.25,34.13,28.12,-0.01,11.89,0.46,116.0,5.25,0.04
487.5,34.19,34.13,28.12,-0.0,11.89,0.48,121.0,5.25,0.04
488.0,34.19,34.13,28.12,-0.0,11.89,0.48,121.0,5.25,0.04
488.5,34.19,34.13,28.12,-0.0,11.89,0.48,121.0,5.25,0.04
489.0,34.19,34.13,28.12,-0.0,11.89,0.48,121.0,5.25,0.04
489.5,34.25,34.13,28.12,-0.01,11.88,0.46,116.0,5.25,0.04
490.0,34.25,34.13,28.12,-0.01,11.88,0.46,116.0,5.25,0.04
490.5,34.25,34.13,28.12,-0.01,11.87,0.46,116.0,5.25,0.04
491.0,34.25,34.13,28.12,-0.01,11.87,0.46,116.0,5.25,0.04
491.5,34.25,34.13,28.12,-0.01,11.86,0.46,116.0,5.25,0.04
492.0,34.19,34.13,28.12,-0.0,11.86,0.48,121.0,5.25,0.04
492.5,34.25,34.13,28.12,-0.01,11.86,0.45,115.0,5.25,0.04
493.0,34.25,34.13,28.12,-0.01,11.85,0.45,115.0,5.25,0.04
493.5,34.25,34.13,28.12,-0.01,11.85,0.45,115.0,5.25,0.04
494.0,34.25,34.13,28.12,-0.01,11.85,0.45,115.0,5.25,0.04
494.5,34.25,34.13,28.12,-0.01,11.84,0.45,115.0,5.25,0.04
495.0,34.31,34.13,28.12,-0.01,11.84,0.43,110.0,5.25,0.04
495.5,34.25,34.13,28.12,-0.01,11.83,0.45,115.0,5.25,0.04
496.0,34.25,34.13,28.12,-0.01,11.83,0.45,115.0,5.25,0.04
496.5,34.25,34.13,28.12,-0.01,11.82,0.45,115.0,5.25,0.04
497.0,34.31,34.13,28.12,-0.01,11.82,0.43,110.0,5.25,0.04
497.5,34.25,34.13,28.12,-0.01,11.81,0.45,115.0,5.25,0.04
498.0,34.25,34.13,28.12,-0.01,11.81,0.45,115.0,5.25,0.04
498.5,34.25,34.13,28.12,-0.01,11.81,0.45,115.0,5.25,0.04
499.0,34.25,34.13,28.12,-0.01,11.8,0.45,115.0,5.25,0.04
499.5,34.25,34.13,28.12,-0.01,11.8,0.45,115.0,5.25,0.04
500.0,34.31,34.13,28.12,-0.01,11.79,0.43,109.0,5.25,0.04
500.5,34.31,34.13,28.12,-0.01,11.78,0.43,109.0,5.25,0.04
501.0,34.31,34.13,28.12,-0.01,11.78,0.43,109.0,5.25,0.04
501.5,34.31,34.13,28.12,-0.01,11.77,0.43,109.0,5.25,0.04
502.0,34.38,34.13,28.12,-0.02,11.76,0.41,103.0,5.25,0.04
502.5,34.31,34.13,28.12,-0.01,11.76,0.43,109.0,5.25,0.04
503.0,34.31,34.13,28.12,-0.01,11.75,0.43,109.0,5.25,0.04
503.5,34.25,34.13,28.12,-0.01,11.75,0.45,114.0,5.25,0.04
504.0,34.25,34.13,28.12,-0.01,11.74,0.45,114.0,5.25,0.04
504.5,34.25,34.13,28.12,-0.01,11.74,0.45,114.0,5.25,0.04
505.0,34.25,34.13,28.12,-0.01,11.74,0.45,114.0,5.25,0.04
505.5,34.25,34.13,28.12,-0.01,11.73,0.45,114.0,5.25,0.04
506.0,34.31,34.13,28.12,-0.01,11.72,0.43,109.0,5.25,0.04
506.5,34.25,34.13,28.12,-0.01,11.72,0.45,114.0,5.25,0.04
507.0,34.25,34.13,28.12,-0.01,11.72,0.45,114.0,5.25,0.04
507.5,34.25,34.13,28.12,-0.01,11.71,0.45,114.0,5.25,0.04
508.0,34.31,34.13,28.12,-0.01,11.71,0.43,108.0,5.25,0.04
508.5,34.25,34.13,28.12,-0.01,11.7,0.45,114.0,5.25,0.04
509.0,34.25,34.13,28.12,-0.01,11.7,0.45,114.0,5.25,0.04
509.5,34.31,34.13,28.12,-0.01,11.69,0.43,108.0,5.25,0.04
510.0,34.31,34.13,28.12,-0.01,11.69,0.43,108.0,5.25,0.04
510.5,34.25,34.13,28.12,-0.01,11.68,0.45,114.0,5.25,0.04
511.0,34.31,34.13,28.12,-0.01,11.68,0.43,108.0,5.25,0.04
511.5,34.31,34.13,28.12,-0.01,11.67,0.43,108.0,5.25,0.04
512.0,34.31,34.13,28.12,-0.01,11.66,0.43,108.0,5.25,0.04
512.5,34.31,34.13,28.12,-0.01,11.66,0.42,108.0,5.25,0.04
513.0,34.31,34.13,28.12,-0.01,11.65,0.42,108.0,5.25,0.04
513.5,34.31,34.13,28.12,-0.01,11.64,0.42,108.0,5.25,0.04
514.0,34.31,34.13,28.12,-0.01,11.64,0.42,108.0,5.25,0.04
514.5,34.31,34.13,28.12,-0.01,11.63,0.42,108.0,5.25,0.04
515.0,34.31,34.13,28.12,-0.01,11.63,0.42,107.0,5.25,0.04
515.5,34.31,34.13,28.12,-0.01,11.62,0.42,107.0,5.25,0.04
516.0,34.38,34.13,28.12,-0.02,11.61,0.4,102.0,5.25,0.04
516.5,34.31,34.13,28.12,-0.01,11.61,0.42,107.0,5.25,0.04
517.0,34.38,34.13,28.12,-0.02,11.6,0.4,102.0,5.25,0.04
517.5,34.38,34.13,28.12,-0.02,11.59,0.4,102.0,5.25,0.04
518.0,34.38,34.13,28.12,-0.02,11.58,0.4,101.0,5.25,0.04
518.5,34.38,34.13,28.12,-0.02,11.57,0.4,101.0,5.25,0.04
519.0,34.38,34.13,28.12,-0.02,11.56,0.4,101.0,5.25,0.04
519.5,34.38,34.13,28.12,-0.02,11.56,0.4,101.0,5.25,0.04
520.0,34.38,34.13,28.12,-0.02,11.55,0.4,101.0,5.25,0.04
520.5,34.38,34.13,28.12,-0.02,11.54,0.4,101.0,5.25,0.04
521.0,34.44,34.13,28.12,-0.02,11.53,0.38,95.0,5.25,0.04
521.5,34.38,34.13,28.12,-0.02,11.52,0.4,101.0,5.25,0.04
522.0,34.44,34.13,28.12,-0.02,11.51,0.38,95.0,5.25,0.04
522.5,34.38,34.13,28.12,-0.02,11.5,0.4,101.0,5.25,0.04
523.0,34.38,34.13,28.12,-0.02,11.49,0.4,101.0,5.25,0.04
523.5,34.38,34.13,28.12,-0.02,11.49,0.4,100.0,5.25,0.04
524.0,34.38,34.13,28.12,-0.02,11.48,0.4,100.0,5.25,0.04
524.5,34.38,34.13,28.12,-0.02,11.47,0.4,100.0,5.25,0.04
525.0,34.38,34.13,28.12,-0.02,11.46,0.39,100.0,5.25,0.04
525.5,34.38,34.13,28.12,-0.02,11.45,0.39,100.0,5.25,0.04
526.0,34.38,34.13,28.12,-0.02,11.45,0.39,100.0,5.25,0.04
526.5,34.31,34.13,28.12,-0.01,11.44,0.42,105.0,5.25,0.04
527.0,34.38,34.13,28.12,-0.02,11.43,0.39,100.0,5.25,0.04
527.5,34.31,34.13,28.12,-0.01,11.42,0.42,105.0,5.25,0.04
528.0,34.31,34.13,28.12,-0.01,11.42,0.41,105.0,5.25,0.04
528.5,34.31,34.13,28.12,-0.01,11.41,0.41,105.0,5.25,0.04
529.0,34.38,34.13,28.12,-0.02,11.4,0.39,100.0,5.25,0.04
529.5,34.38,34.13,28.12,-0.02,11.4,0.39,100.0,5.25,0.04
530.0,34.38,34.13,28.12,-0.02,11.39,0.39,99.0,5.25,0.04
530.5,34.38,34.13,28.12,-0.02,11.38,0.39,99.0,5.25,0.04
531.0,34.38,34.13,28.12,-0.02,11.37,0.39,99.0,5.25,0.04
531.5,34.31,34.13,28.12,-0.01,11.37,0.41,105.0,5.25,0.04
532.0,34.31,34.13,28.12,-0.01,11.36,0.41,105.0,5.25,0.04
532.5,34.31,34.13,28.12,-0.01,11.35,0.41,105.0,5.25,0.04
533.0,34.38,34.13,28.12,-0.02,11.34,0.39,99.0,5.25,0.04
533.5,34.31,34.13,28.12,-0.01,11.34,0.41,104.0,5.25,0.04
534.0,34.38,34.13,28.12,-0.02,11.33,0.39,99.0,5.25,0.04
534.5,34.31,34.13,28.12,-0.01,11.32,0.41,104.0,5.25,0.04
535.0,34.31,34.13,28.12,-0.01,11.32,0.41,104.0,5.25,0.04
535.5,34.38,34.13,28.12,-0.02,11.31,0.39,99.0,5.25,0.04
536.0,34.31,34.13,28.12,-0.01,11.3,0.41,104.0,5.25,0.04
536.5,34.38,34.13,28.12,-0.02,11.3,0.39,98.0,5.25,0.04
537.0,34.31,34.13,28.12,-0.01,11.29,0.41,104.0,5.25,0.04
537.5,34.31,34.13,28.12,-0.01,11.28,0.41,104.0,5.25,0.04
538.0,34.31,34.13,28.12,-0.01,11.28,0.41,104.0,5.25,0.04
538.5,34.31,34.13,28.12,-0.01,11.27,0.41,104.0,5.25,0.04
539.0,34.38,34.13,28.12,-0.02,11.26,0.39,98.0,5.25,0.04
539.5,34.38,34.13,28.12,-0.02,11.25,0.39,98.0,5.25,0.04
540.0,34.31,34.13,28.12,-0.01,11.25,0.41,103.0,5.25,0.04
540.5,34.25,34.13,28.12,-0.01,11.24,0.43,109.0,5.25,0.04
541.0,34.25,34.13,28.12,-0.01,11.24,0.43,109.0,5.25,0.04
541.5,34.25,34.13,28.12,-0.01,11.24,0.43,109.0,5.25,0.04
542.0,34.25,34.13,28.12,-0.01,11.23,0.43,109.0,5.25,0.04
542.5,34.25,34.13,28.12,-0.01,11.23,0.43,109.0,5.25,0.04
543.0,34.25,34.13,28.12,-0.01,11.22,0.43,109.0,5.25,0.04
543.5,34.25,34.13,28.12,-0.01,11.22,0.43,109.0,5.25,0.04
544.0,34.25,34.13,28.12,-0.01,11.22,0.43,109.0,5.25,0.04
544.5,34.25,34.13,28.12,-0.01,11.21,0.43,109.0,5.25,0.04
545.0,34.25,34.13,28.12,-0.01,11.21,0.43,109.0,5.25,0.04
545.5,34.25,34.13,28.12,-0.01,11.2,0.43,108.0,5.25,0.04
546.0,34.25,34.13,28.12,-0.01,11.2,0.43,108.0,5.25,0.04
546.5,34.25,34.13,28.12,-0.01,11.19,0.43,108.0,5.25,0.04
547.0,34.25,34.13,28.12,-0.01,11.19,0.43,108.0,5.25,0.04
547.5,34.31,34.13,28.12,-0.01,11.18,0.4,103.0,5.25,0.04
548.0,34.25,34.13,28.12,-0.01,11.18,0.43,108.0,5.25,0.04
548.5,34.25,34.13,28.12,-0.01,11.18,0.43,108.0,5.25,0.04
549.0,34.25,34.13,28.12,-0.01,11.17,0.43,108.0,5.25,0.04
549.5,34.25,34.13,28.12,-0.01,11.17,0.43,108.0,5.25,0.04
550.0,34.25,34.13,28.12,-0.01,11.16,0.43,108.0,5.25,0.04
550.5,34.25,34.13,28.12,-0.01,11.16,0.43,108.0,5.25,0.04
551.0,34.25,34.13,28.12,-0.01,11.16,0.43,108.0,5.25,0.04
551.5,34.25,34.13,28.12,-0.01,11.15,0.43,108.0,5.25,0.04
552.0,34.25,34.13,28.12,-0.01,11.15,0.42,108.0,5.25,0.04
552.5,34.25,34.13,28.12,-0.01,11.14,0.42,108.0,5.25,0.04
553.0,34.25,34.13,28.12,-0.01,11.14,0.42,108.0,5.25,0.04
553.5,34.31,34.13,28.12,-0.01,11.13,0.4,102.0,5.25,0.04
554.0,34.25,34.13,28.12,-0.01,11.13,0.42,108.0,5.25,0.04
554.5,34.25,34.13,28.12,-0.01,11.12,0.42,108.0,5.25,0.04
555.0,34.25,34.13,28.12,-0.01,11.12,0.42,108.0,5.25,0.04
555.5,34.25,34.13,28.12,-0.01,11.12,0.42,108.0,5.25,0.04
556.0,34.25,34.13,28.12,-0.01,11.11,0.42,107.0,5.25,0.04
556.5,34.25,34.13,28.12,-0.01,11.11,0.42,107.0,5.25,0.04
557.0,34.25,34.13,28.12,-0.01,11.1,0.42,107.0,5.25,0.04
557.5,34.25,34.13,28.12,-0.01,11.1,0.42,107.0,5.25,0.04
558.0,34.25,34.13,28.12,-0.01,11.1,0.42,107.0,5.25,0.04
558.5,34.25,34.13,28.12,-0.01,11.09,0.42,107.0,5.25,0.04
559.0,34.31,34.13,28.12,-0.01,11.09,0.4,102.0,5.25,0.04
559.5,34.31,34.13,28.12,-0.01,11.08,0.4,102.0,5.25,0.04
560.0,34.25,34.13,28.12,-0.01,11.08,0.42,107.0,5.25,0.04
560.5,34.25,34.13,28.12,-0.01,11.07,0.42,107.0,5.25,0.04
561.0,34.25,34.13,28.12,-0.01,11.07,0.42,107.0,5.25,0.04
561.5,34.25,34.13,28.12,-0.01,11.06,0.42,107.0,5.25,0.04
562.0,34.25,34.13,28.12,-0.01,11.06,0.42,107.0,5.25,0.04
562.5,34.25,34.13,28.12,-0.01,11.05,0.42,107.0,5.25,0.04
563.0,34.25,34.13,28.12,-0.01,11.05,0.42,107.0,5.25,0.04
563.5,34.25,34.13,28.12,-0.01,11.05,0.42,107.0,5.25,0.04
564.0,34.25,34.13,28.12,-0.01,11.04,0.42,107.0,5.25,0.04
564.5,34.25,34.13,28.12,-0.01,11.04,0.42,107.0,5.25,0.04
565.0,34.19,34.13,28.12,-0.0,11.04,0.44,112.0,5.25,0.04
565.5,34.25,34.13,28.12,-0.01,11.03,0.42,107.0,5.25,0.04
566.0,34.25,34.13,28.12,-0.01,11.03,0.42,107.0,5.25,0.04
566.5,34.25,34.13,28.12,-0.01,11.02,0.42,107.0,5.25,0.04
567.0,34.25,34.13,28.12,-0.01,11.02,0.42,107.0,5.25,0.04
567.5,34.25,34.13,28.12,-0.01,11.02,0.42,106.0,5.25,0.04
568.0,34.25,34.13,28.12,-0.01,11.01,0.42,106.0,5.25,0.04
568.5,34.25,34.13,28.12,-0.01,11.01,0.42,106.0,5.25,0.04
569.0,34.25,34.13,28.12,-0.01,11.0,0.42,106.0,5.25,0.04
569.5,34.25,34.13,28.12,-0.01,11.0,0.42,106.0,5.25,0.04
570.0,34.25,34.13,28.12,-0.01,11.0,0.42,106.0,5.25,0.04
570.5,34.25,34.13,28.12,-0.01,10.99,0.42,106.0,5.25,0.04
571.0,34.25,34.13,28.12,-0.01,10.99,0.42,106.0,5.25,0.04
571.5,34.25,34.13,28.12,-0.01,10.98,0.42,106.0,5.25,0.04
572.0,34.25,34.13,28.12,-0.01,10.98,0.42,106.0,5.25,0.04
572.5,34.25,34.13,28.12,-0.01,10.97,0.42,106.0,5.25,0.04
573.0,34.25,34.13,28.12,-0.01,10.97,0.42,106.0,5.25,0.04
573.5,34.25,34.13,28.12,-0.01,10.97,0.42,106.0,5.25,0.04
574.0,34.31,34.13,28.12,-0.01,10.96,0.4,100.0,5.25,0.04
574.5,34.25,34.13,28.12,-0.01,10.96,0.42,106.0,5.25,0.04
575.0,34.25,34.13,28.12,-0.01,10.95,0.42,106.0,5.25,0.04
575.5,34.25,34.13,28.12,-0.01,10.95,0.42,106.0,5.25,0.04
576.0,34.25,34.13,28.12,-0.01,10.94,0.42,106.0,5.25,0.04
576.5,34.25,34.13,28.12,-0.01,10.94,0.42,106.0,5.25,0.04
577.0,34.25,34.13,28.12,-0.01,10.94,0.42,106.0,5.25,0.04
577.5,34.25,34.13,28.12,-0.01,10.93,0.42,106.0,5.25,0.04
578.0,34.25,34.13,28.12,-0.01,10.93,0.42,106.0,5.25,0.04
578.5,34.25,34.13,28.12,-0.01,10.92,0.42,105.0,5.25,0.04
579.0,34.25,34.13,28.12,-0.01,10.92,0.42,105.0,5.25,0.04
579.5,34.25,34.13,28.12,-0.01,10.91,0.42,105.0,5.25,0.04
580.0,34.25,34.13,28.12,-0.01,10.91,0.42,105.0,5.25,0.04
580.5,34.25,34.13,28.12,-0.01,10.91,0.41,105.0,5.25,0.04
581.0,34.25,34.13,28.12,-0.01,10.9,0.41,105.0,5.25,0.04
581.5,34.25,34.13,28.12,-0.01,10.9,0.41,105.0,5.25,0.04
582.0,34.25,34.13,28.12,-0.01,10.89,0.41,105.0,5.25,0.04
582.5,34.25,34.13,28.12,-0.01,10.89,0.41,105.0,5.25,0.04
583.0,34.25,34.13,28.12,-0.01,10.89,0.41,105.0,5.25,0.04
583.5,34.25,34.13,28.12,-0.01,10.88,0.41,105.0,5.25,0.04
584.0,34.25,34.13,28.12,-0.01,10.88,0.41,105.0,5.25,0.04
584.5,34.31,34.13,28.12,-0.01,10.87,0.39,99.0,5.25,0.04
585.0,34.25,34.13,28.12,-0.01,10.87,0.41,105.0,5.25,0.04
585.5,34.25,34.13,28.12,-0.01,10.86,0.41,105.0,5.25,0.04
586.0,34.31,34.13,28.12,-0.01,10.86,0.39,99.0,5.25,0.04
586.5,34.31,34.13,28.12,-0.01,10.85,0.39,99.0,5.25,0.04
587.0,34.25,34.13,28.12,-0.01,10.85,0.41,105.0,5.25,0.04
587.5,34.25,34.13,28.12,-0.01,10.84,0.41,105.0,5.25,0.04
588.0,34.25,34.13,28.12,-0.01,10.84,0.41,105.0,5.25,0.04
588.5,34.25,34.13,28.12,-0.01,10.83,0.41,105.0,5.25,0.04
589.0,34.25,34.13,28.12,-0.01,10.83,0.41,104.0,5.25,0.04
589.5,34.25,34.13,28.12,-0.01,10.83,0.41,104.0,5.25,0.04
590.0,34.31,34.13,28.12,-0.01,10.82,0.39,99.0,5.25,0.04
590.5,34.25,34.13,28.12,-0.01,10.82,0.41,104.0,5.25,0.04
591.0,34.31,34.13,28.12,-0.01,10.81,0.39,99.0,5.25,0.04
591.5,34.25,34.13,28.12,-0.01,10.81,0.41,104.0,5.25,0.04
592.0,34.25,34.13,28.12,-0.01,10.8,0.41,104.0,5.25,0.04
592.5,34.25,34.13,28.12,-0.01,10.8,0.41,104.0,5.25,0.04
593.0,34.25,34.13,28.12,-0.01,10.79,0.41,104.0,5.25,0.04
593.5,34.25,34.13,28.12,-0.01,10.79,0.41,104.0,5.25,0.04
594.0,34.25,34.13,28.12,-0.01,10.79,0.41,104.0,5.25,0.04
594.5,34.19,34.13,28.12,-0.0,10.78,0.43,109.0,5.25,0.04
595.0,34.25,34.13,28.12,-0.01,10.78,0.41,104.0,5.25,0.04
595.5,34.25,34.13,28.12,-0.01,10.78,0.41,104.0,5.25,0.04
596.0,34.25,34.13,28.12,-0.01,10.77,0.41,104.0,5.25,0.04
596.5,34.25,34.13,28.12,-0.01,10.77,0.41,104.0,5.25,0.04
597.0,34.31,34.13,28.12,-0.01,10.76,0.39,98.0,5.25,0.04
597.5,34.25,34.13,28.12,-0.01,10.76,0.41,104.0,5.25,0.04
598.0,34.19,34.13,28.12,-0.0,10.75,0.43,109.0,5.25,0.04
598.5,34.25,34.13,28.12,-0.01,10.75,0.41,104.0,5.25,0.04
599.0,34.25,34.13,28.12,-0.01,10.75,0.41,104.0,5.25,0.04
599.5,34.25,34.13,28.12,-0.01,10.74,0.41,104.0,5.25,0.04
600.0,34.25,34.13,28.12,-0.01,10.74,0.41,103.0,5.25,0.04
600.5,34.19,34.13,28.12,-0.0,10.74,0.43,109.0,5.25,0.04
601.0,34.19,34.13,28.12,-0.0,10.73,0.43,109.0,5.25,0.04
601.5,34.25,34.13,28.12,-0.01,10.73,0.41,103.0,5.25,0.04
602.0,34.19,34.13,28.12,-0.0,10.73,0.43,109.0,5.25,0.04
602.5,34.19,34.13,28.12,-0.0,10.73,0.43,109.0,5.25,0.04
603.0,34.19,34.13,28.12,-0.0,10.72,0.43,109.0,5.25,0.04
603.5,34.19,34.13,28.12,-0.0,10.72,0.43,109.0,5.25,0.04
604.0,34.19,34.13,28.12,-0.0,10.72,0.43,109.0,5.25,0.04
604.5,34.25,34.13,28.12,-0.01,10.72,0.41,103.0,5.25,0.04
605.0,34.25,34.13,28.12,-0.01,10.71,0.41,103.0,5.25,0.04
605.5,34.25,34.13,28.12,-0.01,10.71,0.41,103.0,5.25,0.04
606.0,34.25,34.13,28.12,-0.01,10.7,0.41,103.0,5.25,0.04
606.5,34.25,34.13,28.12,-0.01,10.7,0.41,103.0,5.25,0.04
607.0,34.25,34.13,28.12,-0.01,10.69,0.41,103.0,5.25,0.04
607.5,34.25,34.13,28.12,-0.01,10.69,0.41,103.0,5.25,0.04
608.0,34.25,34.13,28.12,-0.01,10.69,0.41,103.0,5.25,0.04
608.5,34.19,34.13,28.12,-0.0,10.68,0.43,108.0,5.25,0.04
609.0,34.19,34.13,28.12,-0.0,10.68,0.43,108.0,5.25,0.04
609.5,34.25,34.13,28.12,-0.01,10.68,0.41,103.0,5.25,0.04
610.0,34.25,34.13,28.12,-0.01,10.67,0.41,103.0,5.25,0.04
610.5,34.25,34.13,28.12,-0.01,10.67,0.4,103.0,5.25,0.04
611.0,34.25,34.13,28.12,-0.01,10.67,0.4,103.0,5.25,0.04
611.5,34.25,34.13,28.12,-0.01,10.66,0.4,103.0,5.25,0.04
612.0,34.25,34.13,28.12,-0.01,10.66,0.4,103.0,5.25,0.04
612.5,34.31,34.13,28.12,-0.01,10.65,0.38,97.0,5.25,0.04
613.0,34.31,34.13,28.12,-0.01,10.65,0.38,97.0,5.25,0.04
613.5,34.25,34.13,28.12,-0.01,10.64,0.4,102.0,5.25,0.04
614.0,34.25,34.13,28.12,-0.01,10.64,0.4,102.0,5.25,0.04
614.5,34.25,34.13,28.12,-0.01,10.63,0.4,102.0,5.25,0.04
615.0,34.25,34.13,28.12,-0.01,10.63,0.4,102.0,5.25,0.04
615.5,34.31,34.13,28.12,-0.01,10.62,0.38,97.0,5.25,0.04
616.0,34.31,34.13,28.12,-0.01,10.62,0.38,97.0,5.25,0.04
616.5,34.25,34.13,28.12,-0.01,10.61,0.4,102.0,5.25,0.04
617.0,34.25,34.13,28.12,-0.01,10.61,0.4,102.0,5.25,0.04
617.5,34.25,34.13,28.12,-0.01,10.6,0.4,102.0,5.25,0.04
618.0,34.25,34.13,28.12,-0.01,10.6,0.4,102.0,5.25,0.04
618.5,34.25,34.13,28.12,-0.01,10.6,0.4,102.0,5.25,0.04
